,010,011,012,013,014,015,016,017,018,019,020,021,0211,0213,0214,022,023,0231,0232,0233,0234,024,0241,0242,0243,025,0251,0253,0254,0255,0256,026,027,028,030,031,0311,0312,0314,032,033,0331,0332,0333,0334,034,0341,035,0351,0353,0356,036,037,038,039,040,041,042,043,044,045,046,050,051,052,053,054,055,056,057,060,061,062,063,064,070,071,072,073,074,075,080,081,0811,082,083,0831,0833,084,0841,0842,085,086,0861,0862,0863,087,0871,0872,0873,0874,090,091,092,093,094,100,101,1013,1014,102,1031,1033,1041,1043,1044,105,1053,1054,1056,106,107,110,111,112,1121,1122,1123,1124,113,114,115,116,120,121,1211,122,1222,123,1231,1233,124,1241,1243,1244,1246,125,126,127,128,129,130,131,1311,1312,1313,132,133,134,136,137,138,1382,1383,1384,1385,139,140,141,1411,1412,1413,142,143,144,145,150,151,152,153,154,160,161,162,1621,1622,1623,163,164,166,1662,170,171,1711,1712,172,1721,1722,1723,1724,173,174,175,180,181,182,1821,1822,1823,183,1831,1832,185,186,190,191,192,193,194,195,196,201,202,203
arrests,0.7738651387031069,0.8480268137793887,0.739872079251308,0.7586321921729325,0.7012775545039956,0.8637866912815553,0.7283353120407123,0.36369742427133156,-0.08038455929691063,0.0028219232872057375,0.8137737019047714,0.02122120043412965,0.22180730045178293,0.15831244085923982,0.10335775958351844,0.8353472115440721,0.5517053396588365,0.6496647498095499,0.543330746210146,0.48209064795168755,0.5926021500362444,0.1964123754678944,0.7760127894049618,0.17564593526443983,0.6302412121460252,0.5437678109562168,-2.0,0.4981176476220572,-0.0918679673080611,-2.0,0.6320224163613798,0.6504512112694244,0.6239400150042136,0.4904682771190998,0.7276846203811315,0.5263793937031119,0.4037620144344589,0.4493220468176371,-0.09603532215655769,0.6279519424886937,0.6463515161096083,0.5675321317342465,0.6790110958670698,0.47635174683958054,0.569162675899446,-0.14451044417889977,-2.0,0.7401832024232073,0.336307558720332,0.6078782805222634,0.4976021777288148,0.7334118834665257,0.7347430762990029,0.5503520258858757,0.4648803406117113,0.7530822065903077,0.5844092233852185,0.8219537796406876,0.8071311677965247,0.5970299769594867,0.5647453096986055,0.7944514371321761,0.8029755191805147,0.7658345494949039,0.5979281745748334,0.605541394401249,0.6598940320439398,-0.05437672666539462,0.35223110880608216,0.28066610286324456,0.6860828667136842,0.639168678807893,0.15069956939666024,0.2828437617694786,0.22734906579351902,0.7507453283726453,0.7724965469499405,0.8276234169254061,0.5466293518370582,0.5258518157936394,0.32812043879276176,0.7786260943175481,0.4207679787774622,0.3849249272470242,0.2855944840162563,0.2304592418868202,0.8659892025186992,0.8134536849356703,0.4774918084664964,0.6101412615278486,0.3166486989393694,0.5692805515270294,0.6267990738135386,-0.09416591260454955,0.4012276354972269,-0.17129807597312852,0.660010383721498,0.29551746006459684,-2.0,0.5355266862831312,0.8042718310719033,0.7557827889251824,-0.14016844417751614,0.6824604995138586,0.27669748222054025,-2.0,0.78705135206853,0.35213823088692214,0.3073282725844137,0.4253073991292908,-0.13252386496330693,0.25486555116743237,-2.0,0.8345252466141433,0.3860831070739688,0.4207607649680061,0.36603593369357423,0.20468327530471572,-2.0,0.6401548920215812,0.14577320647627734,0.16725331285434522,0.8130223891229142,0.6775145890996026,0.8373789584267964,0.429767276710656,0.3620398842387712,0.30685524794242564,0.3588294341145569,0.6855134985638983,0.6473294431781451,0.044253745222989395,-0.09697313226404354,0.8274290553952084,0.09683737216464222,-2.0,0.45104780708920494,0.16725331285434525,-0.12768691969164303,-2.0,0.44355022023013696,0.7436955380630648,-0.004152340183600702,0.31807444826120246,0.41841663096418724,0.7029633570841171,0.6768688737448472,0.3363075587203321,0.6931841236930265,0.6483792747583308,0.6600620957802392,0.7929675120418914,0.43464219271215976,-2.0,0.4236796301870576,0.2340628824065279,-0.09416591260454955,0.6891430156028552,0.5543329012468321,0.20381260059359915,0.064602637820175,0.4655424893814523,0.336307558720332,0.019969191667913937,0.6395822770410352,-2.0,0.7817284823178827,0.48773339852843967,0.7123626268955141,0.7075328988863233,-2.0,-2.0,0.43982483642354014,0.6397849058042656,0.19608169986372226,0.7331548900460774,0.6742282391709306,0.28140461720182036,0.3084026396307795,0.017230739790562895,0.632141956080211,0.6864021129097236,0.6086861513477857,0.5146879668495353,0.49829954589074166,0.4509351265958989,0.37491110665175753,0.6210328829319112,0.7082860175504379,0.3569386530385201,-0.09186796730806111,0.6187556648121822,0.31869436555764635,0.3518433853286946,0.5183292826263028,0.47810855827193627,0.8297902874138692,0.003949945727687298,0.29680883839315836,0.06982646443821194,0.5033168157804675,0.6021283704577832,0.5179173956475476,0.7541572354338621,0.4223415539450627,0.282512484341069,0.5345219365108608,0.3335335619766657,0.13081714522561116,0.4413050117604101,-2.0,0.22019445506373006,0.10123102312652889,0.1401627099277942,0.796902349030972,0.5129252868539204,0.7098954755400202,0.76277765013713,-0.02376652538421112,0.08117713850628118,-2.0,-0.187282503268004,0.29276753051642335,0.16725331285434525
arrests/opposition,0.7541696321786471,0.8484091493459238,0.7220887804301425,0.7387211272139722,0.6839278418035806,0.8526193303660282,0.7005552886076825,0.3457132373310545,-0.061073336042208576,-0.0027173232073051334,0.794081168858543,0.03269668016367642,0.21448601949988302,0.16159680766039933,0.10048001733007378,0.8191789515610699,0.5194379868373917,0.6755634499807412,0.5196329120359959,0.45857806223447617,0.5755086201857403,0.17048321642521205,0.7752994342124304,0.14919843698788932,0.6233372913605788,0.5129817991663136,-2.0,0.49816679877424913,-0.09013560178001212,-2.0,0.6335904452135757,0.6316958326395808,0.5980020466679082,0.4699180325747061,0.7073731134194484,0.5106065969314704,0.3923271401804148,0.43239092845006505,-0.09132183154876222,0.6088354716871367,0.6338624349539571,0.5435510839000522,0.663316683238472,0.45302625039582284,0.5632617788306659,-0.14086147993458417,-2.0,0.7264836459728163,0.3538522692829354,0.6055143153885252,0.48601376516941625,0.7225214685313268,0.7348102851990613,0.5405875814936493,0.45979353754810515,0.7372415336329542,0.5693620657301001,0.8096073265529607,0.7938421167312055,0.6034727418929812,0.5597862719698657,0.7824464141399731,0.7972042356703023,0.7466276368789893,0.57355032115751,0.5835633970416597,0.641517300637452,-0.05101626783700941,0.34656088071545754,0.2659912515268222,0.6708659355797247,0.6431101686828292,0.15531387747336886,0.28309616934931936,0.1981868427636534,0.732381831445868,0.765857668987979,0.8218709618335609,0.5332105375762457,0.5094457803884164,0.3040533560850847,0.7625055902049297,0.4179010430168214,0.36720792689832665,0.28557751917516705,0.20972769039824235,0.8672129049177353,0.8227880728604904,0.46909637253969133,0.5981685298786582,0.313322240751992,0.5647514032601448,0.6358451744028663,-0.08988042444603679,0.3971312953342241,-0.16729017543529606,0.6516441025514866,0.2823893493008743,-2.0,0.5059108104016925,0.7858486578067266,0.7472029329416191,-0.1294569095904843,0.6738683590768156,0.283976137792669,-2.0,0.7761107712889155,0.34021815666864114,0.3121884538608473,0.4163286783799784,-0.1272299360672735,0.21574075349543212,-2.0,0.8433218756108906,0.3788873561433938,0.41756155618160745,0.3482646751944101,0.20618241583531488,-2.0,0.6495771096117187,0.12301125577837602,0.16673831663200678,0.7914465259533935,0.6577770178764427,0.8204939849268537,0.4339877089994426,0.3357152861179452,0.30788587885583685,0.36332365283958223,0.689202550113643,0.6332084581593983,0.029524667619424672,-0.0913976950804846,0.8138010180554415,0.0914696033790326,-2.0,0.4671056469700468,0.16673831663200675,-0.13566218935345814,-2.0,0.46404008949908654,0.7554368016153746,-0.00925724059700355,0.3241319755737163,0.41517495596143295,0.6927927668843571,0.6749932677234362,0.3538522692829354,0.6672576666684634,0.6267203504842249,0.660552026176421,0.7809047576438684,0.4155104688297186,-2.0,0.40736050158042986,0.23313085521544288,-0.08988042444603676,0.6825285651924791,0.5500503922286133,0.17761413284871988,0.06356672053807022,0.4648755927935136,0.35385226928293545,0.014875743917288594,0.6226757838721008,-2.0,0.7726394509396142,0.47012834555693456,0.6851859827748137,0.700191563117573,-2.0,-2.0,0.4513321519630982,0.6092094947034912,0.1723275754224269,0.7172902902597099,0.6654565223917704,0.23903690769586844,0.2738082337593254,0.007533091340930788,0.6356989545640419,0.6855606329639649,0.5862301794998248,0.5225458546853189,0.5131612163800209,0.4626860246437907,0.3915243030930921,0.6249549627323232,0.7223279527308282,0.3518863339316172,-0.09013560178001209,0.61137061186374,0.2941662398615751,0.3595434230076037,0.4879170798061628,0.4838119787221163,0.8200506333853144,-0.0057520994449064685,0.30328318527345455,0.07045439815581545,0.491768268058485,0.5861918526059723,0.5073381481050453,0.7252838780205961,0.404330054630425,0.2558491341582576,0.5148892337083021,0.32446621598875885,0.09013524018700568,0.4302450893752893,-2.0,0.23439635402432663,0.11104218443400894,0.14692803909548802,0.7680347676018644,0.49911511554296495,0.6989466244869966,0.734079569472954,-0.018033037067569955,0.06884163031710705,-2.0,-0.1809138464413186,0.284141858228608,0.16673831663200675
guaido/legitimate,0.6203815506669685,0.5361792469400637,0.4948899145479286,0.6003838079651285,0.4583564926597621,0.6394498011958996,0.3177611860336765,0.4713391043427715,-0.113912463076743,0.14075557660189966,0.569989561629783,-0.08948197410321486,0.10969087800809371,-0.018428741334110026,0.06024861877392883,0.6635864505320563,0.47848095891428655,0.007596775724666468,0.3666237614779677,0.4225673102873001,0.4760654727177034,0.43128644799809124,0.4388075400262275,0.1536184572963903,0.46522046218586516,0.5839180467684366,-2.0,0.1250366444588216,-0.06467408479404195,-2.0,0.3271720728989723,0.49471093455901965,0.5155552428185183,0.3473041082087903,0.6645348306551034,0.4283032689681149,0.34925708073068884,0.4704793345035876,-0.07529647250908286,0.6056295623274947,0.4346987811205571,0.5854093523986857,0.4904841340944291,0.539378813570004,0.3262333290847359,-0.13239754090745334,-2.0,0.48019846023241725,-0.053432324348833056,0.39405492053570446,0.3269363416858098,0.4084372021126969,0.2551593002558763,0.4271089762224143,0.4241501760340965,0.4398724187014348,0.5412423765887261,0.5457207380989444,0.5413899654068258,0.4193805951548858,0.3390169889647093,0.4745464560627654,0.4014646777938943,0.6747862010998533,0.47335567940665213,0.48418325363082493,0.7099923188169316,0.0032270679469281354,0.2662670995141524,0.4338864123249956,0.42990010556342234,0.3098684627418548,0.16270881562364323,0.13758394170185523,0.2635603174937895,0.4575207738489379,0.3159750273776757,0.33068550172864597,0.4480573327446959,0.05104425843471204,0.5693633866862348,0.42568402134355193,0.19453136288983006,0.03323549064695619,0.18068446921701634,0.3168336704413899,0.5340231279323386,0.44119026081260554,0.2915813220028777,0.3992718999484797,0.20278434498604334,0.07510279804217827,0.2572676861442263,-0.073345303016394,-0.04456472774604761,-0.131520359180186,0.17072122955728722,0.3257775565930208,-2.0,0.7884479710426042,0.39570435796544356,0.6557906584943709,-0.1625288094847074,0.5288756621370282,-0.09402640786469202,-2.0,0.5525967552155359,0.11695292922427594,0.048417815714286785,0.8205378390668153,-0.05427653449908909,0.1512554730102981,-2.0,0.2980328902017009,0.6897755732213634,0.3868743778455974,0.4049155452545429,0.06416653217498094,-2.0,0.3254310615959324,-0.03476595444840998,0.04602207056762719,0.614260803424817,0.5683211684212917,0.567138974701732,0.04777132418072135,0.3110931962176497,0.029654599455321617,0.45790699810023466,0.5158579183716095,0.559462619348924,0.21123293509630744,-0.07542732590278033,0.5232949063864074,-0.03351769806678926,-2.0,0.028758124545145283,0.046022070567627194,0.044743997679966965,-2.0,0.3817570265297509,0.35342416513463526,0.09036049343106263,0.0014334648365823982,0.14217503452267127,0.4446088458388928,0.47946192226755513,-0.053432324348833056,0.41351738547438277,0.5723034152106524,0.3256758856943045,0.5200258104202651,0.317870139074081,-2.0,0.025155847318816097,0.2782135922546582,-0.07334530301639398,0.6432772418919946,0.44459478273714054,0.31113674216989484,0.36991713744916277,0.29390082502582715,-0.05343232434883304,-0.016301118421410368,0.3115619754288179,-2.0,0.6599124614076599,0.7014664389121317,0.8297713736545546,0.5842496920912645,-2.0,-2.0,0.6027759008868333,0.25654925039850013,0.33512596889598184,0.7581495666104826,0.12225475933097626,0.09995585237444728,0.1531986629511095,0.05870414179750954,0.33783288005208084,0.295677153932974,0.6358970542742035,0.2506954689089914,-0.00897056255702953,0.011339371541597488,-0.036425611941578874,0.14632655662639424,0.3034705330874942,0.2630623514411515,-0.06467408479404195,0.40169894891956953,0.4476993340495254,0.06958375165804521,0.7534626874379606,0.09634980916607361,0.5811632585151731,0.12829992870551896,0.3569745752054734,0.034286375468556334,0.2544731209286029,0.5390383292537327,0.36241075077265866,0.7627402766372826,0.16372659603376694,0.3469446060668462,0.6062055504865063,0.10103291389448552,-0.005314529223447078,0.3677676791813263,-2.0,0.17783551793076835,0.1480597715641237,0.03815792789463378,0.6912769491256633,0.1634594117417072,0.2704273790465134,0.6867084639139036,-0.022244673338223917,0.076892924018919,-2.0,-0.1258016968403602,0.26548588685564267,0.04602207056762718
international/aid,0.713032762224748,0.684691298647581,0.7219512264033806,0.7213334811180413,0.7288710794415493,0.6663915542280388,0.555507647132423,0.26358368382422925,-0.1773236207535919,0.14741832568447197,0.7222795124945904,0.304862410119322,0.2853892527998311,0.09482537273850676,0.1846468563909487,0.6080078257141098,0.6791397773043607,0.5307627417909846,0.6412518772385519,0.6910231051751619,0.5668171610531609,0.18414967121585113,0.66982072182628,0.42911925379409216,0.5968714070293183,0.5330911741564849,-2.0,0.24045589164802364,-0.05354312697312652,-2.0,0.39400923463069915,0.728018304952032,0.5684944745551523,0.6595594715896955,0.7089365291603721,0.5921985798850449,0.6348951053805193,0.41202255165942553,-0.08228438197353684,0.7210410662228735,0.7402380022912683,0.6005329730313281,0.6431155172024757,0.665686126652716,0.7389942996148248,-0.14749149415174337,-2.0,0.8354392134047655,-0.04001783050234518,0.4311249073076446,0.7179948536908054,0.7811900900912082,0.6844928862857179,0.7993214177327261,0.6962289952165331,0.6439352848020043,0.6523376747492321,0.7377310733110578,0.7515650239339631,0.38047987684894935,0.7574200357868494,0.7569965207504727,0.849524671044434,0.6457046860605257,0.5401695811510319,0.5698990908304173,0.6134580567747179,0.043037321057191706,0.5842427318041828,0.3582932169943487,0.7403714859540623,0.5772741779914261,0.05546885923362169,0.3563553599669937,0.30247659324415,0.8519553402409088,0.727650052477491,0.7039186780573997,0.7260377585936933,0.405265624092451,0.2882301741952366,0.714462576329037,0.2223425901912255,0.661802021645842,0.17798946037917876,0.2724961109100693,0.5478761361456338,0.5291325596654388,0.4465092655954259,0.6441491585482196,0.339007088177156,0.36009247230468355,0.576495550490612,-0.0833321162071889,0.012671375638434748,-0.1367820567272062,0.4213493541679153,0.12691410080624888,-2.0,0.5914959241410127,0.6680947406328327,0.736770520678055,-0.17986109817121906,0.45060510839352896,0.015064920101806305,-2.0,0.7240652948329583,0.6727313426425194,0.5650684852186316,0.40099469267440774,-0.09972272350202241,0.41727467467500706,-2.0,0.6092352274192614,0.04207512284733789,0.2871748662589533,0.5579327360107381,0.19440611364999485,-2.0,0.47872190500171685,0.12239151739773368,0.14495488602059395,0.7153770933248109,0.645218045392579,0.7225756843855565,0.5080099294423024,0.18677522472468833,0.6072847792756231,0.4220693355457825,0.6515616100230416,0.7105722545687984,0.10326861400688503,-0.08911846663394923,0.6770606790532485,-0.04309178433382891,-2.0,0.34146054923101765,0.14495488602059395,-0.07142553733092828,-2.0,0.031711770697362786,0.4010943034012486,0.010537464449932768,0.6415506515471573,0.11237851528538549,0.7829378369581088,0.6378005585588514,-0.040017830502345184,0.5755488395531966,0.48896685827224423,0.4798403927214831,0.7393284869960938,0.6833470469081552,-2.0,0.247388509443756,0.44633954763512,-0.08333211620718892,0.5109609111234502,0.36338419532462135,0.4717153292997821,-0.0624467597254335,0.4238208851692902,-0.04001783050234518,0.08534847841355407,0.5592235417946818,-2.0,0.5129239291007639,0.44572704786188844,0.6243079093630739,0.6671232996138604,-2.0,-2.0,0.04987510764662949,0.5589525640107824,0.49653740712791344,0.3917928672194964,0.4165387137110098,0.10365219108661264,0.20877724196453745,0.11941670941997573,0.7207416168382416,0.6522961698969747,0.5514589205621994,0.7203099609963306,0.5132438749361339,0.281442973417247,0.007937425573587713,0.45366623534434297,0.42071630218016715,0.6008630168791541,-0.0535431269731265,0.40912457291071364,0.34459408102422584,0.19040750873892967,0.3634298365535198,0.7343639728972166,0.6986201832298874,0.009603917504465426,0.3571998273874091,0.18745254822528432,0.5447451224052118,0.7252228754151435,0.574447108763144,0.6501069118645635,0.47770565523571124,0.4614645180340737,0.4870036448112802,0.3316542964353308,0.06421891867132119,0.44956107468273704,-2.0,0.26267581290949604,0.14333331799409865,0.34733829182482345,0.7281736533987533,0.4533490652170681,0.669093216141045,0.6272910189754839,0.015729816292545357,0.21958312643147262,-2.0,-0.13133102563752624,0.2358569369288057,0.14495488602059395
international/aid_rejected,0.8080551657979095,0.6561061336317434,0.7313199830195258,0.789056481910302,0.6171916639255822,0.7940681808912007,0.41752529962301466,0.5523781544243651,-0.1104916811363684,0.34838263377364853,0.7065936199581612,0.039660483951318395,0.14496632804094128,0.059504026402325653,0.14105729017788293,0.7045399540514957,0.5109902691540376,0.16218000198533306,0.4412392913955405,0.6933051987951949,0.7099170576236137,0.7602278745973234,0.5760318474495941,0.02388392987548953,0.49021858400110574,0.7327629931617441,-2.0,0.1367961374443579,-0.036568642793032964,-2.0,0.30405101161509407,0.6464583266836752,0.7401093586248118,0.4828166651161368,0.8208759701057372,0.6039341234338621,0.5532681858920044,0.6645960832957662,-0.08350424469868009,0.741294045511544,0.6370200689201222,0.758190336555803,0.6137157942682661,0.6792107850075729,0.48561546802679956,-0.16688449583861503,-2.0,0.5177773171611546,0.007779957432775344,0.5192597585917265,0.4477718641937279,0.5812130178318875,0.49774429744694404,0.588793686568375,0.39496327655078567,0.6082047650305321,0.7625445737641039,0.6850006622782555,0.6960429443441543,0.4284632103298015,0.36486964314749704,0.6540464443061537,0.6173210610656998,0.8240775081977985,0.7168953364046362,0.7518349844184136,0.7850065260799326,-0.030805260758921153,0.1792013576638769,0.5677819390422969,0.6492739074304437,0.46393211874566537,0.18921087809832896,0.1909399967009281,0.33399211921381344,0.6717225568434985,0.44287005957656994,0.5026982286825691,0.6423597629396529,0.19024347923855295,0.8192618255942518,0.6249859298876831,0.3610476520089381,0.23336664518067882,0.1981079275590678,0.5840908049064044,0.6012351144036776,0.45449420818526703,0.384267485637538,0.5278907149093341,0.29594329680582165,0.23230753048999933,0.4520333442223873,0.011845245786807793,0.012888179545515297,-0.12866485319071294,0.14821410802541193,0.19834308768645606,-2.0,0.8400336143968299,0.5642682979155156,0.7724592015991768,-0.17796842289863746,0.730837391787621,-0.027462694473498882,-2.0,0.6596148619809334,0.23421726974513177,0.20092027138532134,0.6857081542147703,-0.10829016023965359,0.03630949312105271,-2.0,0.38444545238359185,0.40974113302541515,0.6765695910556495,0.8014124761515743,0.0729003018948477,-2.0,0.3663273634114486,-0.007503038972853083,0.03401954589971195,0.7780862081192372,0.7538238932746077,0.7429719795989892,0.20243669252646684,0.41826113616781346,0.25050983054543463,0.44584674133872904,0.6128090550728541,0.62234894852864,0.06583201456957943,-0.0860912463785189,0.6931914165555098,0.010883637163560764,-2.0,0.18496785185815942,0.03401954589971194,0.1433610570361149,-2.0,0.23996626999265772,0.25780048714772785,0.19421981758884027,0.21471594360354557,0.19089063820187493,0.5923864684987262,0.5870920766043436,0.007779957432775344,0.568054844200734,0.7182889691548167,0.39031127889778494,0.7359999037118392,0.4267681637156447,-2.0,0.15109587107583744,0.17797275950292984,0.011845245786807792,0.5818116850222543,0.6629726424759006,0.27740405629405746,0.24763637516942927,0.3447349903694587,0.007779957432775343,-0.009962647345243021,0.5857388477594295,-2.0,0.7203945081124478,0.7857442612781943,0.9271846284549972,0.7243322467349886,-2.0,-2.0,0.36972037414578685,0.4447346708166591,0.3294244828362947,0.7402226389186355,0.18347899941958012,0.1419935495477775,0.21602894454114407,0.12116771991385264,0.47617248997898826,0.5514364958485943,0.7364765953419647,0.2948711050875947,0.171208423433448,0.21380730694241848,0.018283558884355768,0.32523358384486134,0.30535981936148726,0.14222977832654554,-0.03656864279303297,0.6443352659617515,0.2662304105947443,0.16822637663524703,0.7046980034791314,0.37093849665988626,0.6391670916910873,0.30922636167779227,0.28727420321006836,-0.0519304889197187,0.3702200444631268,0.5880503619908758,0.4655778974826512,0.7122064334972193,0.33761295730343477,0.3086171663820528,0.6796115091602771,0.2117504470190952,0.15717275780415804,0.5442525198478154,-2.0,0.2426815666759251,0.1181191044749704,0.204716190424266,0.8527198983279215,0.27188998641600626,0.5685360892359412,0.8524052101315623,-0.049893876788691706,0.2821757760714826,-2.0,-0.15632498073204285,0.42240587969609716,0.03401954589971195
international/respect_sovereignty,0.8442110379933675,0.6342396940597869,0.7779251667025402,0.8274539869765735,0.6522196479188801,0.7491757136634417,0.3713389076771699,0.6002538756980288,-0.012662641146158159,0.40304919461708094,0.7268035558384942,-0.05696632310722518,0.2200357163825475,0.06953915287941471,0.09814575144610281,0.6923437824547403,0.5991880434004655,0.08506233649288364,0.6286149574736902,0.7384825320332326,0.6704905102723893,0.9183202754767708,0.5260459593187765,0.15633719544042943,0.6613375575914493,0.8159448865569433,-2.0,0.23171095091573915,-0.053911932769585016,-2.0,0.23977275440905066,0.7350378332664849,0.8812718780590663,0.5878705149959873,0.8548675733475937,0.7164392139422158,0.6504866205039778,0.8807347439076432,-0.05805957777138331,0.807566314175884,0.7132606825528592,0.858785531216492,0.6264685705032527,0.7809947117694537,0.570509885168283,-0.11165476759401317,-2.0,0.5098978571936775,0.015665569005107807,0.42896177635165494,0.5735098001135658,0.5421450241878657,0.5469585052666933,0.6622661574263903,0.4156203538507274,0.6064867273415802,0.8272291947807894,0.6515799430792081,0.6721862462549746,0.34542108322514764,0.39487242959982083,0.6445221909383584,0.5496784603787346,0.8700321534016408,0.7965488623020568,0.8513776577118131,0.8554231161339141,-0.014270350947606647,0.29112493144225804,0.6296167331850706,0.6402948257247159,0.44418404890101426,0.19970660711576457,0.17283447834737198,0.4386557807447651,0.6594101080702417,0.46136933206561903,0.4761526883245105,0.6500473626350509,0.17718864280582994,0.941864537636985,0.6058223121488547,0.31637206771167503,0.09966884027010454,0.09250826273461625,0.6784229517520178,0.5932978888759997,0.4006564649367154,0.400727930470191,0.5154324395664137,0.40572768937926884,0.23968394209742494,0.3866981448319591,-0.05036978338848716,0.039403901127096394,-0.09369495159394121,0.13444230272944466,0.032743956501409946,-2.0,0.7067475540837236,0.6068302308362423,0.6976103987663996,-0.13470904281012874,0.851481501895235,-0.025001393680174542,-2.0,0.6510831363867614,0.11611479583496327,0.09975945083778841,0.6332466325173564,-0.08099794483789549,0.1672867665643854,-2.0,0.30124754808407733,0.2668043695684376,0.7423067341064141,0.8544627087199382,0.09967743415520482,-2.0,0.43124964773279223,-0.05166016518702144,0.08016296252212353,0.8012676070285284,0.802897662078123,0.7236866006628406,0.09988484591868321,0.481173945284683,0.03835533325589646,0.2822530940669122,0.5769901944082022,0.5240609281815105,0.017641871871421085,-0.05999110880141788,0.6866393216298552,-0.03274416394563266,-2.0,0.12920227183732785,0.08016296252212353,0.13109260661022315,-2.0,0.10090797415787826,0.32180112444370246,0.29417692824368913,0.0612616187092871,0.04346603599847312,0.48938503982225107,0.5271132630743801,0.015665569005107814,0.4582522393611453,0.7965585600071005,0.37161407824698367,0.7459890589412801,0.505607212170694,-2.0,0.19741419418305797,0.18092599685563032,-0.05036978338848718,0.3878306748155293,0.8142441873720497,0.4689213300419635,0.2046918283049368,0.3271844846557378,0.015665569005107814,-0.02427528843688802,0.6186683611443293,-2.0,0.7638998970951149,0.7022258969564906,0.8748498940325942,0.7960783806571586,-2.0,-2.0,0.30575499921828475,0.41194195634305425,0.48382674667999026,0.6570253475630866,0.2236520892355162,0.18947197535752247,0.2654609513964369,0.12033433293918312,0.36727077135715136,0.47393566711427076,0.8362340765000452,0.2511819595598931,0.05342632348530068,0.14837089362637682,0.04053268632670089,0.26797643337366245,0.30624118373578035,0.22165111060341508,-0.053911932769584996,0.5435642100863198,0.10062611311713203,0.1864100612324198,0.504487142488251,0.22145745677119563,0.667622707261594,0.3758002071135349,0.24871384524749376,0.059051312381301235,0.3026750016738062,0.6970168779571515,0.43037545147481715,0.5814722968040004,0.20987288406670657,0.20380418542976658,0.6623152369051855,0.18486416955460797,-0.018252565903246955,0.5244542522441564,-2.0,0.07785768973813537,-0.019774459530986842,0.14953280865986956,0.8049201423432604,0.15150000906657582,0.5132656191253772,0.8662705508571749,-0.0475373296641947,0.31379392870644973,-2.0,-0.10751454421340527,0.36875239702728596,0.08016296252212352
maduro/cuba_support,0.43322582281949207,0.29033375863655725,0.342779849917787,0.4097457019486035,0.3011695187020528,0.38624831691423794,0.1849051873556449,0.39191796792825967,-0.22982020413721063,0.40127582727024297,0.39183071241573547,-0.11612608114490443,0.2931986775273954,0.014614175120667861,-0.054513743534723345,0.3678564300125353,0.49870697958859433,-0.04295908886125369,0.22056215964146297,0.31655273652670474,0.22874505415635116,0.3637189369890096,0.21478416827300117,0.008480431609877518,0.2998602468937121,0.5451384866194954,-2.0,0.1775869046540783,0.0007418325828191059,-2.0,0.3343138601911667,0.32716076649070736,0.32502961937045316,0.3351170614990134,0.4319153366625155,0.313087402141776,0.1953778217857493,0.3298585458219878,-0.08974595884913678,0.38898886004728905,0.263323567022069,0.36313819855333385,0.3234439040945552,0.471969763227137,0.23845415119587057,0.33254698859762005,-2.0,0.24073030496666029,-0.11683073995802157,0.3261797493081702,0.1708250034522337,0.23665968715243832,0.18619532656209706,0.3458771713637285,0.22770742003517513,0.2824090288930736,0.3689971936231931,0.3913801688763588,0.39880206086836817,0.20236207811070905,0.1684888667005296,0.31137130586678946,0.25515458222348164,0.4486641983962898,0.29653705563749266,0.34193056967352903,0.4989387272903503,0.07620348720451665,0.11365583834004257,0.3774550309405262,0.2849092978179194,0.2066699764639284,0.5261040082011451,0.24451850940454872,0.43910971779914415,0.2873151941850493,0.17024469704902903,0.09829087091523835,0.29898894703503837,-0.08406174365127028,0.41967224690981314,0.22030120781864088,-0.07284290492212371,0.02608297790408379,-0.03556927986448665,0.4126233248258846,0.2843351805267644,0.3766972640332147,0.33113465776263695,0.4360575727369593,0.23823639772089425,-0.05211987971248449,0.2109036836085549,0.04157419198181963,-0.15406237236813458,0.011423268335824638,0.0749450991036242,0.13911413922928484,-2.0,0.5900635220209095,0.24207324073201766,0.46968802659582665,0.034873952256391956,0.34457867487284277,-0.2335894734440543,-2.0,0.3225310861263539,0.03429057100811622,0.16854541066073433,0.6155121645099497,-0.058928000925108005,-0.018639797605485228,-2.0,0.08079723968397265,0.4530579180797727,0.2105218236992404,0.33417120589620597,0.18496997106883425,-2.0,0.14850426497378344,-0.23269021718547764,0.18274335412509776,0.40720761971429603,0.4134646607136998,0.3986415213498655,0.13848250667451142,0.3078287217909405,-0.004326275441114433,0.2818174555113393,0.34555599538391474,0.2873670606192679,0.12513077023520675,-0.1293471918340971,0.3654461618567044,-0.11612999756464436,-2.0,0.028205439229119198,0.18274335412509776,0.21342263735140196,-2.0,0.12289748936637195,0.09837918687456038,0.05974314093052992,0.16838445279685854,0.07196661024161113,0.17746653721596942,0.3012454488809531,-0.11683073995802157,0.1863804154479643,0.3291954087923709,0.08318392800106082,0.3756723124448559,0.28194701432999475,-2.0,-0.04348496138482685,0.07373838195546914,0.04157419198181962,0.4370371800406103,0.304515469155614,0.22997206864338343,0.17157052904097903,0.07404343834854062,-0.11683073995802157,0.07115356872706444,0.17170854315925635,-2.0,0.3778633572685176,0.5904184529215079,0.596333010271295,0.38836815641297745,-2.0,-2.0,0.43000883467994183,0.12701396714264293,0.19472621413946628,0.44095270366576184,-0.014819889069075588,-0.05292832927602796,0.0399052696181948,0.0822295261836126,0.20066057413892477,0.22805099072044852,0.4028037957739747,0.08913210134130768,-0.007509193558598136,-0.059231169017528576,-0.05347066551679283,0.05706743235663409,0.16863795910834578,0.06872473024704963,0.0007418325828191118,0.238731254722607,0.2600122221623086,-0.0949249046250895,0.5548660979924336,0.10548595773268231,0.2683745712377972,0.08364099345422597,0.14688448240690402,0.04680006265815753,0.3087246358774355,0.31567951026066227,0.3761753487193976,0.4542643538115745,-0.017732767288716606,0.12980483902765327,0.38219691125938626,0.13827211499469794,-0.023450016181197915,0.3778808942864036,-2.0,-0.003987481239583823,0.10450830335245156,0.030260368756734032,0.41384828244157296,0.14237585127429214,0.17141499381139744,0.4760490712100267,-0.04902803836981374,0.05230024917704734,-2.0,-0.15040977466220945,0.21446839081558491,0.1827433541250978
maduro/dictator,0.5639697264693136,0.4930814148595518,0.4345759417495852,0.5294219562574206,0.39047232171340135,0.6020312648641504,0.3182724931796738,0.46365485093174974,-0.13093830864141973,0.10289554348993134,0.5116508625259115,-0.10086085697791006,0.07035467925979916,-0.04932119240166817,0.06535448749630557,0.6110872801251929,0.4119332904639342,0.01510590850295979,0.2847733024728199,0.3515801357573245,0.3992792404356235,0.36811268040641243,0.38311159907702796,0.08505401525793838,0.40219340472606957,0.5079819868430889,-2.0,0.11412932156170484,0.015661750026649948,-2.0,0.2981854109904922,0.39922754270677147,0.43577497878054483,0.2725056908942681,0.5880617572581153,0.3367363809748418,0.2825701719137758,0.4062580351610919,-0.08171556401383524,0.5058485025142363,0.3533474022646101,0.5160302634476492,0.4348788545206389,0.458601385769956,0.25846714177122826,-0.13926671485505823,-2.0,0.4333839979330448,-0.032747813930511994,0.3938976038732813,0.2640268241217189,0.3617352501250469,0.23296021117623475,0.3486534237200644,0.3201878600609337,0.3930859149965262,0.44568763137846235,0.50470391568327,0.49822446171377716,0.361381507416565,0.2519728071007574,0.41087307630920694,0.3638040125420222,0.6054380535929929,0.407491309279764,0.4149383606382217,0.6398908566648771,-0.04104500047252833,0.18627783891466562,0.3858257151620555,0.3763141825660516,0.27479974870633056,0.15613109849651435,0.11534139888909212,0.24357571502540581,0.3930431247906232,0.26433328560875047,0.2991326108176247,0.381727200589143,0.04273554735647377,0.5095824974156651,0.38193949124747045,0.1541718256999022,0.026000606336791205,0.12398516265391454,0.25368769052189155,0.5153917491255225,0.425043892129981,0.25687726668741667,0.3573778958836797,0.14241003716602496,0.07528758071850161,0.24636680499356728,-0.057722282247120095,-0.0318400787003627,-0.14078899951211554,0.17092798120879343,0.33189004286844254,-2.0,0.7798540108939847,0.35424255137085303,0.6161091511171783,-0.15931667311853018,0.4946465728725693,-0.08599530227612667,-2.0,0.485544331312525,0.0812785007296446,0.03462064834063058,0.7863475205041347,-0.08889296387338615,0.08985184703123925,-2.0,0.27676442765524556,0.7215655328088706,0.3249031546963527,0.34747483495410475,0.03602510504686839,-2.0,0.28750546837877317,0.009274865430063948,0.02094271407962923,0.5637356724082161,0.5016401086538762,0.520268780150201,0.053117057105023575,0.31293285851850217,0.04203436837267464,0.4610388297808633,0.4728636623747067,0.5399268252314393,0.2324668175259293,-0.07586333134736271,0.4864148748460437,-0.024288868733010012,-2.0,0.058190776785256665,0.020942714079629242,0.061618307902800366,-2.0,0.3876854946130283,0.33201339711859884,0.04332111440527416,-0.0018890827055215132,0.19569325649756952,0.3830051059486233,0.4204441214571438,-0.032747813930512,0.38581055463959135,0.500557928046927,0.2610820732538517,0.46891187987737915,0.2598905934125606,-2.0,0.0083054840549767,0.1959202626893644,-0.05772228224712009,0.6445589350129356,0.3710055368435242,0.23028179024581932,0.3745828142022957,0.2519455446161529,-0.03274781393051199,-0.05564779099847289,0.2784046044655491,-2.0,0.6034006121510086,0.7010558671772189,0.8012218176730039,0.5278327854777919,-2.0,-2.0,0.6409346921972346,0.2279772084403594,0.25264753987938393,0.739168124365749,0.10141366443293709,0.08476763600760785,0.09439321895483721,0.12235533683333484,0.32176424834064615,0.26886639453064204,0.5790247120187494,0.20818792725446972,0.005303549048003998,0.02523060413033127,-0.02463993623583412,0.14554575813920959,0.3063457593841166,0.1826012652631444,0.015661750026649945,0.41429090391174694,0.49096388167455146,0.06784175174996486,0.795728742577703,0.08944317481308332,0.5299825265160197,0.10099498841522929,0.2688434571118024,-0.01672185606148771,0.24635128550594812,0.4477605984394007,0.33038230849980793,0.7706493421445268,0.17844046915856432,0.3689178651792288,0.554712729572796,0.11204443813965055,0.04617667758607383,0.35146060393088424,-2.0,0.12176339146606796,0.13330116831470348,0.021218769232062056,0.6522754421375572,0.22854406822979603,0.25112573886408723,0.6490791243478872,-0.030326709930553423,0.03578333111435789,-2.0,-0.14070208107787419,0.2099719378700507,0.02094271407962924
maduro/legitimate,0.7911886646772341,0.6054033077866607,0.6800218898706131,0.7580398339881017,0.5926797768329525,0.7308787294961356,0.3395867575679042,0.6697157869987453,-0.0955559960592529,0.32177707035804376,0.6802832298193388,-0.09867762567106411,0.20014326849746802,-0.001977668113922958,0.08186244544884726,0.7037193449762418,0.5815295831723823,0.008595818894840464,0.5432657774463016,0.6341718523013492,0.5639581983833433,0.7356544651989457,0.46693116114447464,0.1876289608792503,0.5963741834033081,0.7422262918208867,-2.0,0.15733546092005518,0.07645265271710616,-2.0,0.2321929683479672,0.628087891803918,0.7424362537948103,0.4921597734124842,0.8068491561028565,0.617695393196549,0.5506434280162734,0.7312873564427035,-0.08239336191855266,0.7403703800611962,0.6028383789723057,0.8048326322747585,0.5861813970041818,0.7065401601515366,0.48957963077837546,-0.1579757328058495,-2.0,0.5039750824826292,-0.014556351941687206,0.44874432736637365,0.5049272926160567,0.5077755013868109,0.4133633081432402,0.5856763880872835,0.4163808285453789,0.548373899030074,0.7058752441407566,0.6395619008797222,0.6518599529168398,0.37130466727095374,0.36799931668181535,0.5691391864492686,0.4924892991466208,0.8143903104978597,0.6917411591602982,0.7131474197640651,0.8506162292186545,0.01436064110783775,0.29864650563783735,0.6401167154329918,0.5747765226810269,0.4016502481435047,0.1843903248892178,0.1494201584558217,0.37464639570724323,0.5670328323724806,0.4040245902249413,0.40313032141814326,0.5718076464053812,0.09694340281410779,0.827109865270887,0.5327672499635301,0.23505323630995875,0.05992894277457274,0.07497828845983538,0.5349675964224742,0.6050438046478602,0.41846965746441084,0.34680946595606305,0.48742117706643684,0.3041101807178806,0.1612685758104972,0.339530938982514,-0.02790204325872879,0.0023717210004836637,-0.11107517413294386,0.13904578388903363,0.2168993353727777,-2.0,0.8126674419072817,0.5299438405348358,0.7214092978181622,-0.1259260059521851,0.7477590343475211,-0.06355451285198094,-2.0,0.6186162454161813,0.11788192612803354,0.05965812438283868,0.8077604265878041,-0.0837421565012093,0.18321841176878842,-2.0,0.2674492090695234,0.5557047280537152,0.573310022470867,0.6849543214627083,0.06389666872727513,-2.0,0.36389254166577323,-0.07573859945971609,0.04823297317413593,0.7576210216639943,0.7363674901070453,0.6791101400752859,0.052375695187509314,0.4946983952380031,0.04151147294896521,0.39074290994618904,0.5809205409378071,0.6063566162611173,0.1433436166584598,-0.08365259247024126,0.6516108375377971,0.019967286346609065,-2.0,0.1511563188990097,0.048232973174135926,0.20639814536668716,-2.0,0.2297084502085128,0.3518287271632154,0.20464860895386539,0.015736279732226972,0.10917918672149864,0.46222100578805037,0.5008231045792529,-0.014556351941687213,0.42863212792931427,0.7325472064696004,0.30845000553596336,0.6785435228810816,0.48522208829943386,-2.0,0.13203057000187432,0.2280414272020996,-0.027902043258728797,0.5194795760158727,0.6387317917295846,0.45514906257720494,0.32578161732375893,0.30438290697028075,-0.01455635194168721,-0.019300078346946633,0.5104449439557309,-2.0,0.7268053118495762,0.8138897479558469,0.9386364621485948,0.7291875307626607,-2.0,-2.0,0.49281954382497145,0.3549613395153227,0.4582542092961356,0.7593199859306665,0.15665592955070648,0.1621620076556524,0.19098674325760234,0.24701063262421488,0.3938547530788849,0.4157331667914825,0.8291438480839641,0.2766343206460915,0.018126945975002494,0.09626219484025597,0.0014547680959216434,0.22803414146574133,0.2786787675640032,0.2459525648179685,0.0764526527171061,0.5216435834321174,0.28466732119750526,0.12250304990633663,0.6769844734310035,0.1799507580635965,0.6497930349493534,0.28614825097031477,0.26682543242369683,0.03194053780172228,0.2734906087485826,0.6508874229201451,0.4031446907641033,0.7168102534862059,0.1672162516579647,0.2496628284699012,0.6594060781552586,0.2246363555642146,-0.017520112252558367,0.48190075097764884,-2.0,0.05654682408736888,0.054171343128862924,0.09764868435646172,0.7862094616529702,0.20028897385956582,0.4222397190729084,0.8272990280892952,-0.06541351143473176,0.20153170504230733,-2.0,-0.11807421324316471,0.2789760067536266,0.04823297317413593
maduro/narco,0.5304721803429764,0.5264275610053434,0.4261746394071519,0.48693898883852876,0.40577083017868726,0.5821069184756862,0.3924547032407984,0.38067514510896794,-0.14823794246461142,0.03250983506169966,0.5099418656992257,-0.07336298033296568,0.12133919363614094,0.07422466985723972,0.03381221887504955,0.5681055654135041,0.42074323470597336,0.18349969326050072,0.26193389153122254,0.30513286136629425,0.30471325732219146,0.24579191478294388,0.38563849022575575,0.009061772464733817,0.4164908134452983,0.40020374890479427,-2.0,0.3451868032154503,-0.02810041162994798,-2.0,0.3261273300959433,0.3734168460694843,0.3474373757079174,0.2461428205917036,0.5356693205551037,0.31883681409866366,0.20716608784367738,0.33479684527821857,-0.09891404166889792,0.4163620096062995,0.3442765286223529,0.388883748149941,0.46701605638985394,0.45869721633882143,0.2641810526258127,-0.05451463924491064,-2.0,0.4467378709664978,0.007036710565657216,0.46002869620827475,0.20694423467513734,0.3705317558704467,0.31067717392368754,0.3338956070840626,0.2820973817616436,0.4408874696269681,0.40844487550523106,0.5261673138285038,0.5127420247489202,0.33592625590323966,0.2395399182358707,0.4354371308714374,0.4327703103996518,0.5540850747022544,0.3048800994681307,0.3545975572895605,0.5697109255948178,-0.05418936389572054,0.15561569078188042,0.255201119023382,0.3944060644940808,0.331920544823231,0.12613145902093384,0.286100293667919,0.4504024209238605,0.4112084393047613,0.32427227156285393,0.334953168077293,0.37332273811993355,0.090528549730626,0.37541158503706434,0.381675345342803,0.10476327583476007,0.10548053707257359,0.05874611887898198,0.2945546409058271,0.5108330486289986,0.5181491530351439,0.4104883777087134,0.45966345169068223,0.27443387097558836,0.11507853775756821,0.34075188613521795,-0.0865466993171553,-0.005800310209226273,-0.13220807727439052,0.2927097705587528,0.25352952285393554,-2.0,0.68483051463401,0.394016018992999,0.6140750121648528,-0.13383311653181681,0.45842740602566084,-0.05269874740600986,-2.0,0.4458457063650875,0.1307276702146149,0.20583599498377808,0.6322839476500788,-0.07641332879299148,0.020603940435237937,-2.0,0.34647071706814647,0.6369429211947095,0.24052287325181249,0.262550778344484,0.21016096254464792,-2.0,0.30832176314326437,0.0012297845998041662,0.19848008796693162,0.536943405230262,0.46672820997495584,0.49999226678729536,0.19578122690818703,0.29412890539715286,0.07162162760972204,0.43844556940457446,0.4594481824548741,0.5130138049753589,0.2282356896676476,-0.0946374840332486,0.4882666728359129,-0.06269291411131618,-2.0,0.10106625397846808,0.19848008796693165,-0.04091179643123823,-2.0,0.3519704871282078,0.3922026255803558,0.054822211851765584,0.11076462429870113,0.1892494727291739,0.331578133517952,0.4420548203743754,0.007036710565657214,0.3556767780488161,0.4288435404119931,0.2486205870254793,0.4810446926865771,0.19844763016378725,-2.0,0.08735360298700699,0.08340035228952022,-0.0865466993171553,0.6927041375852003,0.36393194790204053,0.11205015272104084,0.26459151440363965,0.23052210791855837,0.007036710565657208,-0.01608536551563032,0.2828018674364431,-2.0,0.5533285942244146,0.6110073685190847,0.7036980827647332,0.5091949233530911,-2.0,-2.0,0.6054701163376589,0.21768434389901792,0.12856443733714965,0.642681377685856,0.15854284823541256,0.039005682159810484,0.10219555211576244,0.06076034118223034,0.3291380334227839,0.31442604843500743,0.46880537153316343,0.17252309171737282,0.09846018568345223,0.060023439584604224,0.06999531790562909,0.21144112030980497,0.47731149501415776,0.11524277868330467,-0.02810041162994798,0.34871555537743226,0.40276192393840493,0.09411278200087742,0.7275059481370335,0.16404055838282705,0.4798300728495176,0.023699558480746286,0.15605475994620463,0.07465049303643218,0.4086257821336296,0.3699165879667493,0.4554431857257798,0.6946324454175236,0.19805289612021312,0.28657914145123786,0.5305249518059991,0.11270401762295768,-0.02612665622935648,0.30216653503772234,-2.0,0.07366767742126173,0.18372232912432745,0.05208948331952462,0.5788520081519057,0.3174039030383324,0.27647278134371767,0.6016773579528886,-0.054223032240708305,-0.06557757731383693,-2.0,-0.12692364715674745,0.22012486664471526,0.19848008796693165
military,0.6792274953175613,0.6054519592974364,0.5690191222915352,0.6404968073461982,0.5106720932007583,0.6978678453713363,0.48188114952797095,0.4274311156480965,-0.1919348449975234,0.13428806054720308,0.6273547030427727,-0.062416581211915526,0.11218308102998151,-0.02554718219251784,0.1621318530767651,0.6830305166377432,0.5063208707522255,0.13248154381462796,0.41930989208729647,0.459869357146272,0.5031452146744209,0.4478360909051773,0.4641567515221486,0.14285480593916913,0.49411498794166936,0.5968846453109481,-2.0,0.1668702593124231,-0.022974771038690008,-2.0,0.33889810472631,0.49483478139822223,0.5654519694009776,0.38570351647599155,0.6666002815233208,0.4299836584497846,0.4126127718716874,0.5097718902089584,-0.0910075042099243,0.582739478038857,0.48848187522870706,0.6024623770230889,0.5222648496038113,0.5294166057577006,0.39199836879059496,-0.19385478403977652,-2.0,0.5872409283421005,0.05752023421645355,0.4376991267253456,0.37303907302861117,0.4962609713567273,0.40002851273380796,0.4512126332290726,0.33215287489564116,0.5012299785550748,0.52700031895975,0.6048006575505781,0.6029504487191658,0.3470882047981592,0.3273453884094482,0.5224616005068946,0.5040952083965482,0.6856224469432768,0.536916923864486,0.5646430002552885,0.6677307338299969,-0.06618268562134075,0.23965404062211856,0.39066159730524674,0.5145255884009831,0.37911349770457664,0.14744834087577827,0.1276699036010627,0.22859814558765032,0.5423791120804717,0.39500955987196995,0.46938875040670563,0.5082567683589909,0.18594152137232686,0.569920431729215,0.5385436764746065,0.2565540172343472,0.1632751135075732,0.09651741727932754,0.28893509226730957,0.6054752423279844,0.452953245884799,0.30721637512039557,0.42142479995970733,0.18021481123027772,0.27926996286981015,0.3634601009911185,-0.053998939834512275,0.0979820924711991,-0.17503448170984212,0.26812623925112644,0.29528112761624453,-2.0,0.7925020050795697,0.5034562111453178,0.6795375512411514,-0.18184997749499307,0.5882472451749078,0.010033921594730027,-2.0,0.5756560913420048,0.18035207359147545,0.09438766610150222,0.713278847406046,-0.11486130479947633,0.17902487629185962,-2.0,0.3740042622361774,0.5683728610529991,0.386742895743359,0.4798408838479438,0.029942190346656385,-2.0,0.34112354006219353,0.2726503081589788,0.013891009515861178,0.6967984767782096,0.5865968031273426,0.6419570400404971,0.21685120279200998,0.36806805754268335,0.19316303785181643,0.442665179949182,0.5401249757421863,0.6247663247328717,0.21553635263093154,-0.10104746129782545,0.5924298860839204,0.006445943905344859,-2.0,0.1451845437199913,0.013891009515861176,0.020298780776073767,-2.0,0.3198051266043816,0.4002246332924306,0.052873777358885946,0.09106517296156073,0.31414527499718176,0.4728397529373011,0.44793945175592453,0.05752023421645356,0.513910865207543,0.5670285449592785,0.3160841135460847,0.5876237915895776,0.3571783276541822,-2.0,0.1556386991497196,0.15377060826663314,-0.05399893983451228,0.6373469079660916,0.4452935943006112,0.2786971040381594,0.262441792918156,0.3056309918707679,0.057520234216453574,-0.03854300412668586,0.45300685458878825,-2.0,0.6480077245768924,0.7112435945261036,0.8568684591354062,0.6521521572436988,-2.0,-2.0,0.5259875781525513,0.3893169972630541,0.31882495366304886,0.7615236538148341,0.23495404914609855,0.19154985522492557,0.16230838613747273,0.11545155830634413,0.43429610460900536,0.39838903298867584,0.6379529920604664,0.27524550867660275,0.14586853306409425,0.16426568349903814,0.059432277480429445,0.2852013907899693,0.33986125828932495,0.21292671607821143,-0.022974771038690008,0.5711434672794196,0.5919947923851233,0.1732790019451922,0.8299529314294092,0.22015750956836797,0.6301553333925145,0.1223762581073093,0.2040350750921292,-0.03623853603026404,0.3452169946279646,0.5267116746077529,0.39548189588025995,0.8906088733472275,0.3681363160441952,0.5797826274684021,0.6191722253367897,0.2022755780545174,0.1916481989428816,0.42543127698605615,-2.0,0.062388737909952405,0.03404840647753331,0.06542482724910706,0.8080106399818046,0.41221598026406864,0.43766266031065826,0.7820036471858262,-0.015345923464607298,0.14862089386034424,-2.0,-0.15672638778491044,0.21928567239904428,0.013891009515861186
military/desertions,0.10519899595347235,0.10040529376490473,0.03958259157237668,0.07378540246437003,0.0032727441518123354,0.11517896551487092,0.10120772298823018,-0.0423256788357603,-0.20684329252038014,-0.05732388124549992,0.09950884301303105,-0.09004664795567384,-0.08138279834262062,-0.0930956869713766,0.17623949458888108,0.15725868562496004,0.08788615555941184,-0.09382327499964095,-0.018285910580371448,-0.015418685586853016,0.16322131161907907,0.07207883667935401,0.07347085742439469,-0.051673838979187196,0.08893977548907499,0.11962544871537675,-2.0,-0.039144324295054767,-0.04480656533789927,-2.0,0.1228026174205994,0.0451801403617428,0.04554707904998355,0.021338236049552737,0.0775120830898498,-0.02515352404823054,0.0256963422602265,0.057319570569292294,-0.0501300588951207,0.05695729792100704,0.021411770913501195,0.044996328182083115,0.01872995337420591,0.08295878500603533,-0.028406667247681875,-0.10796040353363871,-2.0,0.2139200521569687,-0.042762035203604075,-0.0011640183153413695,-0.04994811431369306,0.043593797274005724,-0.038779919486719036,-0.0045569544961263754,0.025004438170480498,0.032788556695473974,0.0692747752562068,0.08890363025838983,0.08054565204670087,0.051844894575969434,0.0014668325352161435,0.02060376859120409,0.029883952743104715,0.10579731473576309,0.07622012808991825,0.09722642181160404,0.08771419708566584,-0.08502739169306232,0.03501126927637969,-0.041609926896322064,0.06984149601536328,-0.038236475372232695,0.02569440022804695,-0.03030210148802182,-0.05752176684596733,0.09166253551641768,-0.05516618960962447,0.06356756373998614,0.1691458526054565,-0.07567177692381626,0.11653682379977141,0.12154463785334782,0.07313173396702591,-0.04247843733611073,0.06486952096644313,-0.015593786563033812,0.10685078890600537,0.061281626355833056,0.04773513274084333,0.0019989296649419674,-0.05504547497159521,0.10488094817633867,-0.0057108293002452945,-0.04484514137816899,-0.05184734630849445,-0.10070736285257079,-0.030825447665654617,0.14376177195796289,-2.0,0.19892112310404125,0.02756958979085251,0.10845867315208504,-0.13355740656684495,0.07240445217615006,-0.0986277959818162,-2.0,0.0929281519622294,0.04952900223866356,-0.04343380905692842,0.17158445788622076,-0.06822495411152049,-0.0362137401484805,-2.0,0.03151935289778026,0.1217187438341271,0.034327394894666095,0.045423873290178156,-0.042440614356717477,-2.0,0.03670208996850616,0.6647458145036488,-0.04013886446526308,0.1546068049878794,0.08635791443882775,0.10633291741941463,0.25127615524934394,-0.02260584853656759,0.09930302921975086,0.17462679290752545,0.06757611171082771,0.12543386040235374,0.26077647476044324,-0.04893420164675936,0.06523801907701374,-0.059205441865417055,-2.0,-0.0847406149381296,-0.04013886446526309,-0.08747579145073399,-2.0,0.09071578857878751,0.03676253736590169,-0.060548469337585224,-0.06384390677014813,0.23206962690200023,0.05967576875070209,0.05535399230090208,-0.04276203520360407,0.2294550185202285,0.06459279233541293,0.03405618966292926,0.04871181349367274,-0.029404802889532747,-2.0,-0.08262696560521911,0.026458844355489695,-0.04484514137816899,0.2544993712193653,0.04168643160903888,-0.015145863552969083,0.05133971972495302,0.014237901662318586,-0.04276203520360409,-0.07823463958912105,-0.006301323349069105,-2.0,0.12457400441609204,0.18939826214089148,0.24465714872915684,0.1766346596547291,-2.0,-2.0,0.1347093966997276,-0.018530203743906577,0.024614029353571844,0.1900887157231946,-0.07499987782496581,-0.020199153228745576,-0.024368332756555828,-0.01799519730141928,0.0834915501540035,-0.011353238143910817,0.08324205336993026,-0.028384758440246193,-0.06210477660610029,-0.04541237384326448,-0.05368617665105807,-0.0399357642671408,0.07993640825071319,-0.004671184391886137,-0.04480656533789925,0.19925279885054012,0.5914169683112966,0.06317146292112645,0.5018769654946609,-0.04475758949302421,0.13146718830323717,-0.011587055690166685,0.0568036678636013,-0.08906155624209881,0.16220665572054335,0.06611334093575535,0.09221437776281396,0.5272403515955326,0.3252312548026908,0.7623959755383586,0.2696046125637084,-0.04267722090707927,0.13004479664690688,0.010281812747565953,-2.0,0.04848245000669414,-0.07442282951199224,-0.09105273060398505,0.30701161280425354,0.3626304261452762,0.029804371878070557,0.2162345648303351,0.07126703164929148,0.09153023990015105,-2.0,-0.09573563021630349,0.07399081783703954,-0.040138864465263074
other/anti_socialism,0.7387565594062467,0.6251069198913268,0.6313047169491923,0.7126661912184378,0.5516597038763591,0.7413308496668417,0.37542464473835524,0.5269175608100412,-0.04657397566906117,0.28328749678522913,0.636093156031632,-0.031394954736019574,0.13425151140279598,-0.028365386194752967,0.11482972517411189,0.6845961027895056,0.5070339633384224,0.09418758180116914,0.4563006014139679,0.575677729641655,0.5331836460553755,0.6652982388205902,0.46264967380912925,0.10142607359740817,0.5321151478454018,0.6825923972266732,-2.0,0.13606842842271172,-0.03357785240897943,-2.0,0.270867855750688,0.5589690671196851,0.670167848349053,0.41565894899389155,0.7631356258217027,0.5253652719604701,0.5154591454348918,0.6625324219723723,-0.0560896506039956,0.6769742736120572,0.5587441015710642,0.7264052893863225,0.5704177069408038,0.6289611582268809,0.43181295021670435,-0.1588394651954385,-2.0,0.5062346520785881,0.005067927381623372,0.477465793962597,0.4443215131081216,0.4820143290287894,0.4415974242677008,0.5308400745990468,0.3538899383288375,0.5181948437130962,0.6423511055617915,0.6043601194554398,0.6135069748544617,0.3298498869343097,0.30842775693246255,0.5504115850711887,0.506647717472127,0.7690439594356802,0.6094814980402641,0.6542423247943309,0.767221252022946,-0.07154064763790707,0.21449276086110924,0.5164883272026797,0.5284043691761257,0.41340930789753777,0.19322581474279318,0.1315010124302787,0.33653715823845265,0.5525729791337216,0.3747715561782555,0.41847368192057277,0.5372997304464298,0.14188956233726036,0.765782922236119,0.4986731140797571,0.24372136162496852,0.11905543806384909,0.0640674257528286,0.43442979518734437,0.5863684371469426,0.41735705192080735,0.3001513504496254,0.4376393340181229,0.25390649968687284,0.17204801592649813,0.3776097485962614,-0.07579142069332255,0.012494854759080971,-0.14715824091142862,0.17107275506238842,0.21295863384272926,-2.0,0.8651295363606705,0.4860938400434726,0.7350881689216167,-0.1285529228508206,0.6998076295547937,-0.0028027308879482963,-2.0,0.5836445481666881,0.11016999576634509,0.08549341623136929,0.8263883965730512,-0.0797992662166833,0.11156651219997063,-2.0,0.3104787846273607,0.5925044419656083,0.5553867288201512,0.666070635414441,0.018466644165610065,-2.0,0.34998873929228985,-0.05010387320451309,-0.004877677711546464,0.7114680463600677,0.6557673619548441,0.6554449447296787,0.05850935889627453,0.38776796722282925,0.10589937801400272,0.5018765920056376,0.5769127676482355,0.6096946122718049,0.10215470257866793,-0.08412678496188393,0.5981191245134976,-0.05377990991454726,-2.0,0.10689614445290106,-0.004877677711546469,0.07310085675169678,-2.0,0.28879000263188365,0.34435077814407455,0.15806536660199705,0.09591140574034,0.11080293020069604,0.47417437302517973,0.4908973723685528,0.005067927381623379,0.4108880325120909,0.6483868694221642,0.29324780422604985,0.6308336966880728,0.3707956722351531,-2.0,0.11769598690136465,0.14104720959085107,-0.07579142069332252,0.5611618384843035,0.580818402012913,0.34007170931967595,0.3361615012541721,0.3296375191700969,0.0050679273816233725,-0.057983438529203124,0.499152874296715,-2.0,0.7093246452881411,0.755874404523746,0.903338808772728,0.7009045992224276,-2.0,-2.0,0.5764351391274439,0.35261495959063843,0.3639275128963687,0.7747507416662359,0.16725666749111973,0.1383327041775802,0.1356124099774594,0.10338390121708432,0.4071292489004381,0.4074263066545729,0.7256033578523479,0.2624415967118012,0.10551223610715925,0.13645658490175397,0.0032914897741961138,0.25177106963544965,0.3037991785146997,0.1843975850900765,-0.033577852408979425,0.5498134526177838,0.305486679664538,0.13719001061698927,0.7033919704455099,0.21343504647192285,0.6345769505894681,0.22945765564908316,0.23008802005871165,-0.013448402571318787,0.2602149451204917,0.5804125752801539,0.3818005485827664,0.7211760710118121,0.2195342651232472,0.278820089612556,0.6174369792534956,0.1292899502538164,0.004660212766147214,0.5130543780399087,-2.0,0.08906524200205992,0.05902639249074907,0.14543879018722075,0.7765109499808251,0.16683721662169712,0.4227155748975921,0.8077844229809684,0.013057816229333007,0.14743492784758774,-2.0,-0.10609494822889862,0.2315034859076226,-0.004877677711546468
other/censorship_outage,0.5225054237309155,0.4268840472484869,0.38177992889464335,0.4924883064676246,0.3810594177609538,0.5170809866771442,0.2088475100630813,0.4158259582170481,-0.08934814945572922,0.09229111331113839,0.45707815651753797,-0.11421964835754908,0.053946269225314335,-0.13147506728529873,0.06314368471532764,0.548758909918317,0.4495267310096689,-0.07321530173653681,0.40625549854181975,0.3322528246331793,0.29066464258793334,0.3723444992527049,0.2718817686046442,0.2705896263811473,0.47135172402649445,0.516582269437984,-2.0,0.024190363345758355,-0.05509009260977635,-2.0,0.18931090403387554,0.40081446038922247,0.4432887167806925,0.34928076295867255,0.559043125558685,0.36591468413979755,0.3833023873153244,0.4916748192912152,-0.05603514698218236,0.5352194682845787,0.37732695250557224,0.5613814827788302,0.4192607441007195,0.490268309617974,0.3397543425900943,-0.12319786936185502,-2.0,0.44389293855385736,-0.047259642095555304,0.27995133357166535,0.37870196501433023,0.31035044853642896,0.20306465941307933,0.4257036231214838,0.3585120685968608,0.3061362627292084,0.4027505242630698,0.41489766368021913,0.4227201220198686,0.24126789363923382,0.2999201708340123,0.34559526665869794,0.2795211772054296,0.5607924333893984,0.37912215559222934,0.4114527340348331,0.6385437523592588,-0.012062170766984884,0.3271057311344286,0.42704814343401676,0.31193071319416915,0.23785546718891157,0.1484684933093002,0.02181358617052871,0.23536783221550991,0.32375697864404623,0.23820201298222451,0.2279353029541221,0.3742812890068739,-0.02799483434426794,0.5154843526234392,0.2976282720148807,0.0552796980937453,-0.07515332908859595,-0.019029753274367334,0.17623256596049572,0.4505240961313527,0.29950010253742004,0.15825380011012957,0.27669719256119585,0.13692347589911016,0.020137590313707685,0.17797186165053708,-0.0544150537723435,-0.06243599297850082,-0.11538945158178296,0.08541657388287616,0.22126928177212496,-2.0,0.76487606624324,0.29112351598240727,0.555328783513213,-0.13369274309483947,0.47414401497406855,-0.10620135553792076,-2.0,0.4416368805098858,-0.02187639905739675,-0.06924333484585336,0.8687390632929478,-0.07092501440803613,0.22463515633259779,-2.0,0.14894365888769606,0.7057607261698592,0.24973684111272884,0.34080301864373264,-0.048860628678636886,-2.0,0.26167652373104455,-0.04999773053121223,-0.050769844050206125,0.5043620572513181,0.45786159809702753,0.4385796830923541,-0.07628811822914765,0.32271041439908893,-0.03390102985828365,0.4774414833634506,0.47652507385780574,0.5076092148691363,0.25824937034401363,-0.054685069307316654,0.38852561428442894,-0.06933160035278979,-2.0,-0.02140136560241081,-0.05076984405020612,0.003913788179545334,-2.0,0.32000237801068193,0.35453634062825007,0.04351730469218751,-0.09617665010570993,0.09014291985472593,0.29891585110338204,0.3048287178902185,-0.04725964209555529,0.20596493326466184,0.4546726192831727,0.1710465084649067,0.3990651412611779,0.335019074699729,-2.0,-0.06308663424989638,0.25180277940142115,-0.054415053772343513,0.4990109182403565,0.33573187936883564,0.4199806333513456,0.38395410250345835,0.23694639302934248,-0.0472596420955553,-0.09224549272378839,0.23706128941007545,-2.0,0.5547053608068294,0.6617821185428975,0.7376919039938442,0.5496863459053065,-2.0,-2.0,0.6315751017999207,0.13763105366315256,0.4498639753120663,0.6856145398684375,0.04885111955171132,0.049841612200712856,-0.006530868954389369,0.07328795312637096,0.2616614409357497,0.15586802045056486,0.5953912276967763,0.25133076640351115,-0.06913120156398746,-0.026373412646566008,-0.06137574074426222,0.07178908680534354,0.2071773028931703,0.3320227712759985,-0.055090092609776355,0.3129519370949955,0.4866603956658771,0.044226965778280655,0.6775839997327014,-0.0022430227109878033,0.5149329859461365,0.11861946790216642,0.2732417444216311,0.03545197938263748,0.11690513790646218,0.5356916311657113,0.23314641423307234,0.711428106246951,0.07730834356593728,0.3563924674562808,0.50191373873356,0.09595361145989814,-0.04424808895481851,0.3605093137738748,-2.0,-0.004059936347869379,0.10720711939791376,0.00025503688792472955,0.5940618461928932,0.06905338265554281,0.16205165638741298,0.5975588812485504,0.057512981127776884,0.05165290970980112,-2.0,-0.10551894386987802,0.06773879010453215,-0.05076984405020611
other/chavez,0.3931291259870365,0.3580478181293733,0.27724011556336714,0.36485112402842923,0.25739463008185187,0.4486642412572484,0.21353923307944234,0.3417712237716592,-0.10169076534640877,0.08254090840259704,0.3356218567562151,-0.06726454366150152,0.010548618193336943,-0.044863628503845954,0.06735912908799452,0.43167564893990024,0.2817834030713049,-0.06630854942768646,0.15425958646787657,0.25747568595416725,0.2214426859596368,0.29817775694493615,0.17400776088444436,0.0032220094086815977,0.2172043843826363,0.3800417718445427,-2.0,0.038767956159691905,-0.03483927525118472,-2.0,0.1735825205799527,0.20087925781794091,0.2757507398573303,0.10132032083963034,0.4321795052466138,0.2117872790090015,0.21173755353239024,0.25920973722707774,-0.04026824209020222,0.3462801240250232,0.22187355821527266,0.36770282870500787,0.31671734339002444,0.3431511255800059,0.13589753805877505,-0.09660466144667308,-2.0,0.2633454118477984,-0.02851914510963646,0.3834213684402593,0.09932811657169655,0.21980281240907315,0.09127651574775306,0.2082822759449452,0.1612216733949968,0.23417717187486337,0.272068133653256,0.33517503545009014,0.32507013288148806,0.21124062231616558,0.0779001135901429,0.24175631489390534,0.20874587820221713,0.4348432105725816,0.2545686391812912,0.26813726974871915,0.46404947463125573,-0.05750612953580403,0.02573313696233885,0.29617391184338815,0.24017454998896376,0.22466150733373833,0.1369464484979738,0.1129122688273159,0.17765015717172844,0.20616887016224875,0.11498034688300095,0.14755999106191098,0.2613001688214034,-0.039169596726106065,0.4179134691775214,0.2050311284177687,0.06066610735017033,0.0012793033221611893,-0.013860880418172279,0.18356002594455748,0.35219799911481126,0.2625619736865895,0.18214193808466078,0.25841817546127066,0.09604088977236394,0.01152221128124886,0.21026599208420024,-0.03834689400994587,-0.03635315029942118,-0.0912258117820672,0.07974702696332434,0.3078823877730968,-2.0,0.7370966406207543,0.18685017333944534,0.5304521102013573,-0.11138726283993407,0.3091698545407172,-0.0727376317394231,-2.0,0.28910040792626507,-0.014555349640131414,0.022925520220032178,0.7889446540753011,-0.05875964397852577,0.008028362539040271,-2.0,0.1006720583083872,0.755106827382164,0.18414815446960017,0.2660646732178814,0.02730191421303352,-2.0,0.0762948958473855,-0.05803662566241193,0.0211329094541683,0.3807535050512896,0.31823903001882636,0.34644140858888905,-0.016112327885093158,0.22454788290552471,0.016843241286193935,0.4482125446695665,0.3796455142386187,0.45855190545650676,0.20467231887871368,-0.05033838740879998,0.2951928348750685,-0.04502630297813133,-2.0,-0.025385728811495756,0.02113290945416829,0.02895767665806053,-2.0,0.3880501702614595,0.189516842713426,0.056745280265234115,-0.010780244290682823,0.13443005695179014,0.20236875525564219,0.26123106504625676,-0.02851914510963647,0.19017596401243503,0.30533238849036876,0.06438104840096114,0.29275093026000926,0.10861558495320066,-2.0,-0.007166864808048116,0.022774003363682453,-0.03834689400994585,0.5659654027507333,0.2190949911126884,0.11622679823873545,0.4361467394852002,0.18804395338965998,-0.028519145109636462,-0.04754297782108271,0.20065878952482358,-2.0,0.41744292306472763,0.6217963855037113,0.6829832783707062,0.39192040660329686,-2.0,-2.0,0.6662716585270152,0.12563366221906272,0.13525853032027194,0.6893552050480296,-0.014032840964557572,0.07165771440108079,0.02971597348028968,0.033082429765438834,0.23681973278978255,0.15519163992127205,0.3916182107813705,0.08229057275069196,-0.037817901491702374,0.00879525530351064,-0.020535592051521574,0.10027617246275707,0.1372946242033096,0.02684973300617168,-0.034839275251184715,0.3497831293589262,0.41364793082069146,0.06271060889261822,0.7260256435335101,0.03266793518760869,0.32729501651585097,0.09084557000031004,0.12036784417719133,-0.023899796734765277,0.16481592667286224,0.26084998087466493,0.26492380109941716,0.628270386503385,0.10185380621470543,0.2574958331307925,0.41722553236860077,0.03440246923434304,-0.00533713351908297,0.27889962786680256,-2.0,-0.005117720616753279,0.13884356418992125,0.05761853669537047,0.496394094657386,0.12077434068375972,0.13282393624027802,0.5190630240824198,-0.024149852417775404,0.0019723804409065805,-2.0,-0.07760014097648721,0.09860803666987761,0.021132909454168295
other/chavez/anti,0.3957460628855318,0.3636751346238399,0.272363339367468,0.3681901191889503,0.2632164349167899,0.4538152609684506,0.21505457970732328,0.33423914406006583,-0.12763461322757771,0.049517762354158515,0.34804582314722077,-0.07105618026655541,0.00047756443984014313,-0.060046720273924575,0.07761389619086946,0.4540732924297193,0.2978480722702348,-0.05807599479600287,0.17155345688286522,0.23527091725641944,0.23289840141332238,0.25067938820245933,0.20035340636463922,0.05592559720094033,0.24218187616866882,0.3744327761705692,-2.0,0.01684397676656932,-0.027337698248866282,-2.0,0.19527879606919357,0.21943270858682792,0.2694004713065742,0.13456548845588598,0.4323573802694511,0.21090460415230444,0.21056318767767385,0.2474743942569207,-0.038529602918453025,0.3602536667266839,0.2249974779672744,0.3704826204867858,0.326002277581853,0.3331752579413668,0.15347008818178384,-0.10512627075333278,-2.0,0.300565011156575,-0.021275416552840126,0.35235377881907504,0.12295217737501946,0.238170466917847,0.08226795513047325,0.22343293261036148,0.20368873175545413,0.23791727957315342,0.2685679489595252,0.3460935783611196,0.3360071892666236,0.23927964303812255,0.12458139959743467,0.25249197200998813,0.21639958085070407,0.43630005609692313,0.2549677735202307,0.26181042249885395,0.4738623665777332,-0.04783029372667491,0.08398755060651128,0.2910607984567231,0.24467969744107534,0.21666784181617174,0.13020755963429437,0.08395238665661756,0.16256428375488233,0.21735685801909957,0.13760231682027046,0.16460378375973436,0.26538043849693094,-0.03986390696692654,0.38759449489136666,0.21993925838768377,0.07576538926525797,-0.011160706794953274,0.01996707330687452,0.13745963474303674,0.37331971482985354,0.27955719412053653,0.16520101508584323,0.2491466828336432,0.07260389411387735,0.015949368496670287,0.1958467187321928,-0.029768263404382597,-0.0304141354320055,-0.10144131551689335,0.08732770745849473,0.3296267347756359,-2.0,0.7324580182855165,0.19654364745676312,0.5235558215389063,-0.09952227918489229,0.30678158599519517,-0.0711597152127459,-2.0,0.31775924732477556,0.013539535495101871,0.00044676670572281517,0.7957426509485723,-0.057985022036747505,0.04835222620414349,-2.0,0.12911753483087424,0.7648745150491296,0.15794775219581444,0.22951441952768573,0.003936157202129188,-2.0,0.10541767688899639,-0.026657552857334777,-0.0026222421035288586,0.38832044535252447,0.32418058167394764,0.35610359015352794,-0.013574152803688226,0.2270681966154691,0.026609681391836695,0.45609566475762514,0.3925848455714547,0.4820632813232872,0.21942389020187916,-0.05838392875275781,0.3031073835671147,-0.04497068595450925,-2.0,-0.012609635045597868,-0.0026222421035288564,0.030588712824240173,-2.0,0.41032689527178323,0.23095685160928572,0.014170994275739396,-0.029252448860671697,0.1664328401165828,0.23354073751737728,0.268487614997721,-0.021275416552840126,0.20502997065830555,0.31458536363114237,0.10102462339329323,0.2971480683124892,0.13168984145715337,-2.0,-0.022184125235006645,0.08968006286977596,-0.029768263404382586,0.5728336580132348,0.2044462879624854,0.14972011701227872,0.416786519740102,0.2048121411706057,-0.02127541655284012,-0.05858881993491136,0.1828666362017076,-2.0,0.4297836182606141,0.6226543096886242,0.6785359274317575,0.396748416091517,-2.0,-2.0,0.6541865909290574,0.127712414782887,0.17323674579759835,0.690872006415896,0.0035111210895263953,0.06164745997804108,0.023381312485445383,0.04543456609694969,0.2505052317441159,0.15243408428432312,0.40407358415061867,0.13013427820944454,-0.038436088250635075,0.006401282901823607,-0.02118073979958209,0.09795591179877194,0.1524706096436681,0.09397040444911375,-0.02733769824886627,0.34152582942182036,0.47124302112848604,0.050359323538429375,0.7400251160455438,0.026556235066365504,0.35716724263617566,0.05987607877866278,0.17439784171598152,-0.028085866807154365,0.1578009759336475,0.29464911327320825,0.247542105837744,0.6666759716600524,0.11187579948793949,0.3039599889979775,0.4327745126149647,0.05861477588782326,0.02099825474667055,0.2721321823748174,-2.0,0.028830376594134285,0.15089488120521313,0.041072367225904245,0.5069960790260655,0.13480102246248524,0.13427210454053246,0.5131541740097386,-0.013905122900759096,-0.0011582775932888055,-2.0,-0.06974477374312747,0.09813234356255034,-0.0026222421035288546
protests,0.39073605956236324,0.35794704902201596,0.2718305136437631,0.36039041453339826,0.25367733914454527,0.4602994958947342,0.30349681120321603,0.2863441345137506,-0.14283944803281656,0.044764939417660264,0.34750323797460847,-0.044959586127308084,0.005515767169178707,-0.06707240936135105,0.08493193204250661,0.4441827717828248,0.2904924943631776,-0.03871103905160319,0.14247091074293405,0.2379043596648199,0.24591468528979676,0.23545367324324795,0.20635100080730842,0.033555040518646585,0.20791477681795362,0.3649384884573196,-2.0,0.018252256220182547,-0.04741398997649727,-2.0,0.20365195675724687,0.19794957920907477,0.25873524460083497,0.1270860899955496,0.4161376287164376,0.17043069584506398,0.18797686088461124,0.22552602340307265,-0.061101178846805666,0.33044457941284106,0.20298890632135289,0.3411298503831622,0.31712654921372496,0.30925398697477957,0.12552676108859062,-0.13729902950539424,-2.0,0.32508234874148084,-0.050961261026260175,0.34975347439620397,0.11754209573822127,0.24382069448127128,0.12567489781253702,0.1994074547420764,0.15747786316674509,0.24127473826555368,0.2468582984142981,0.3446826682294591,0.33550769299645883,0.19277787800826654,0.09785648801261077,0.25739257365707213,0.25001123537515557,0.420039932907751,0.23653101874685234,0.2571885646116257,0.43700065769470237,-0.07926651071529607,0.03748018729291233,0.24586579842978062,0.2438106445869694,0.19769219834148935,0.11635030384217399,0.07947821602923298,0.14193497828488627,0.24885935284458469,0.13065774715806286,0.18847679359214523,0.2594628960617236,0.028085158833976914,0.3667815844255128,0.2397667512795835,0.08705657411598393,0.07694252539238264,0.010553771289850352,0.10780485666114628,0.3501563973889642,0.2622089032948919,0.15442186775479627,0.24280987290247802,0.039652927876455454,0.03194104811113079,0.19920784426534385,-0.046742075904954744,-0.030883737345964623,-0.12511491174815975,0.15073769501473083,0.3331719351449702,-2.0,0.7782836466682594,0.20484450648937558,0.5201742877281887,-0.14294373662637194,0.2843759961899419,-0.06802690630124629,-2.0,0.30711521901063454,0.04452923806508103,0.031484497994510294,0.7411361475748431,-0.056365606596715565,0.053501467501997066,-2.0,0.15134715529780218,0.7316537108373764,0.14778150032571483,0.24472637223985985,-0.020127973446334508,-2.0,0.09577350292833352,0.054633214441756485,-0.02857999372417089,0.3944505154019338,0.29968930109833525,0.3686017896489578,0.005120127517763344,0.19669443778243068,0.101293372827561,0.4602762027980204,0.359288963929902,0.48669069528159137,0.2142103481720799,-0.06437778005803221,0.30836688684183455,-0.05885699562008705,-2.0,-0.03508394370703081,-0.028579993724170888,-0.013387788700243108,-2.0,0.3590047094199212,0.19282177913314438,-0.009130992999850736,0.03162721956643307,0.2064283030262195,0.2583657933971212,0.2554466606073558,-0.05096126102626019,0.2673461290948584,0.2860907709860367,0.09160383092570308,0.2932971946732309,0.11361974258674155,-2.0,-0.012735212346330335,0.03213340982106214,-0.04674207590495476,0.5996961889757844,0.1601945502767625,0.11254393877332379,0.3875283569526481,0.1851807253697,-0.05096126102626018,-0.04863799325801558,0.1953909915338374,-2.0,0.4124864590156747,0.6083523779215841,0.6825280065745597,0.3735209805459007,-2.0,-2.0,0.6393127319988555,0.18341628012272607,0.1461202409087843,0.6767511184330413,0.023930636904683614,0.10780520787792729,0.03613627028850748,0.023561946097478064,0.25157767598255804,0.16093020159593116,0.3720361600348551,0.10355033063650984,0.024813070907832996,0.013870714666921587,-0.05784235183661335,0.10474782879921973,0.15004757234212357,0.053015908353163554,-0.04741398997649727,0.3712082581028771,0.5489171021013304,0.03721938824955431,0.8041819397042389,0.06763735679959718,0.35326622308620453,0.05054001698030508,0.11610083738379694,-0.0704017806745591,0.18694324922816813,0.26294742917057556,0.2566606949041447,0.7057729054747209,0.19929747889777114,0.3929064959930964,0.4264716867024722,0.047477106298639084,0.17567091130177198,0.3024579353976896,-2.0,0.021124452593362607,0.10580290173947117,0.041604549219239256,0.5405363038582929,0.2003400213472997,0.16773376845852406,0.5354551448447581,-0.005402192423256836,-0.004822214177468274,-2.0,-0.11315161682825922,0.10243339845476611,-0.02857999372417089
violence,0.6541439335235611,0.5581964993919138,0.5235714906090795,0.622382660968282,0.46704538053029176,0.6645846242449474,0.37209278117926153,0.47065236379865405,-0.12938155181784067,0.15496038318198527,0.5821984240414344,-0.11344268616109833,0.07639795947168987,-0.03361662713939835,0.08913871942655674,0.6589808184643625,0.4868086027612211,0.02269010768711239,0.4033092690939238,0.4494251498576436,0.4673247005407984,0.5171279067158837,0.4129716254653068,0.14266246104642527,0.5135024595981452,0.6068049059669086,-2.0,0.12055393857322813,-0.055597773637811196,-2.0,0.2922225555304727,0.48388034914262745,0.5716575526254684,0.37854845276472904,0.6672075505345415,0.4297851363635179,0.39622706940449726,0.5617779116293116,-0.07536355890254308,0.6016751366348912,0.4536161771978175,0.6207108452638243,0.5068749462587188,0.5411477176596065,0.35558734855502827,-0.15247749956827247,-2.0,0.5001651311343361,0.0036493642060167796,0.38642666062282444,0.358679501888563,0.4188226866425332,0.3232876919217233,0.43985334521553143,0.34174107102349144,0.4312931961023817,0.5414519168518341,0.5418826235636321,0.542260148868124,0.3341176970594988,0.290579236332331,0.469109464004001,0.4148154709639336,0.6913401242056024,0.5154777071050419,0.5441124511685385,0.7151593840692684,-0.05878670842138587,0.23976953665399856,0.44889624664318317,0.44902810590880776,0.32098587582793325,0.17974900208463113,0.08377720733400518,0.27365573138026106,0.46763606479458064,0.3287786167103106,0.36229137070356987,0.4539993203933934,0.08287512946087197,0.6375570485689172,0.44574007863447357,0.2111655063024098,0.021274720728627804,0.08194117182336408,0.3215856154396013,0.5609146352454694,0.40335431444517506,0.26256981610643715,0.3774764687681877,0.1759762443029386,0.13558761036926759,0.2807641933927055,-0.04488879572189634,0.015397688368923749,-0.11903635074978561,0.1770949439851713,0.2814684964223149,-2.0,0.8277930885398557,0.4269072262734684,0.6551026187283662,-0.09799469396376422,0.6043150354135391,-0.050780005259694935,-2.0,0.5422714183208119,0.09809831675628149,0.0006764626108178414,0.8181172776184013,-0.10153333731876152,0.14685000165953277,-2.0,0.28672747900153794,0.6600410527201708,0.4163637941587267,0.4795207600595118,0.0027814300754620135,-2.0,0.3310101332101572,0.031825420420787696,-0.008530999655672044,0.646511296592208,0.5710345026067328,0.5913717991841049,0.032508906482043666,0.36691310630205953,0.03963200791615423,0.4364649360455158,0.5207509047445654,0.6018338272344167,0.1769514693592384,-0.07735972242965969,0.5362266425421454,-0.0580189933282936,-2.0,0.04341875480764987,-0.008530999655672047,0.06608701024952048,-2.0,0.34575634820332907,0.386669449493833,0.09160030119590082,-0.02566903226071225,0.20866672678088802,0.4194604812677126,0.41201270747342705,0.0036493642060167696,0.3931521990488511,0.58432125728319,0.28466990773403306,0.5421457210513674,0.32276514916698007,-2.0,0.07520048794418516,0.1801424216012887,-0.04488879572189635,0.5998215918885771,0.48209691966234075,0.32104988685647845,0.348878783901804,0.28576369878757335,0.0036493642060167683,-0.08168249745632557,0.37481008199962157,-2.0,0.6734435227920911,0.7457238612111032,0.8588342396862709,0.6298842045720486,-2.0,-2.0,0.6139494373703808,0.2827696461581537,0.363804100669391,0.7814321105358364,0.1508323140903402,0.1338036858157745,0.13539255194266933,0.06915900858135983,0.3390884808107054,0.3024512181533823,0.6611671106281226,0.22157136701278154,0.011588475108105893,0.06439580393849459,0.0007704586778412793,0.1811210984967707,0.2909078933100146,0.21774202238892318,-0.05559777363781118,0.4898880558340244,0.5025548353966522,0.10026699035211525,0.8032796061632986,0.09036346994327504,0.5952592232649633,0.16557792363222473,0.258271516592426,-0.024730053846342907,0.23898264318402235,0.5408724185578034,0.3357939937520765,0.7971422227489506,0.20198701917829873,0.4033523679828234,0.617211299587803,0.14731043834602695,0.11618306716230437,0.42163871621322124,-2.0,0.06610966563401302,0.06161887920841112,0.03688556120399779,0.7417258476764943,0.21018844692774322,0.3249268306125369,0.7601671894840615,-0.033808497536459446,0.12568774895155405,-2.0,-0.08274501334595322,0.22943544475916625,-0.00853099965567205
