InfoID,2018-12-24,2018-12-25,2018-12-26,2018-12-27,2018-12-28,2018-12-29,2018-12-30,2018-12-31,2019-01-01,2019-01-02,2019-01-03,2019-01-04,2019-01-05,2019-01-06,2019-01-07,2019-01-08,2019-01-09,2019-01-10,2019-01-11,2019-01-12,2019-01-13,2019-01-14,2019-01-15,2019-01-16,2019-01-17,2019-01-18,2019-01-19,2019-01-20,2019-01-21,2019-01-22,2019-01-23,2019-01-24,2019-01-25,2019-01-26,2019-01-27,2019-01-28,2019-01-29,2019-01-30,2019-01-31,2019-02-01,2019-02-02,2019-02-03,2019-02-04,2019-02-05,2019-02-06,2019-02-07,2019-02-08,2019-02-09,2019-02-10,2019-02-11,2019-02-12,2019-02-13,2019-02-14,2019-02-15,2019-02-16,2019-02-17,2019-02-18,2019-02-19,2019-02-20,2019-02-21,2019-02-22,2019-02-23,2019-02-24,2019-02-25,2019-02-26,2019-02-27,2019-02-28,2019-03-01,2019-03-02,2019-03-03,2019-03-04,2019-03-05,2019-03-06,2019-03-07,2019-03-08,2019-03-09,2019-03-10,2019-03-11,2019-03-12,2019-03-13,2019-03-14,2019-03-15,2019-03-16,2019-03-17,2019-03-18,2019-03-19,2019-03-20,2019-03-21,2019-03-22,2019-03-23,2019-03-24,2019-03-25,2019-03-26,2019-03-27,2019-03-28,2019-03-29,2019-03-30,2019-03-31,2019-04-01,2019-04-02,2019-04-03,2019-04-04
010,102,64,80,62,91,54,89,130,54,98,147,172,152,158,173,213,200,337,282,245,163,184,202,181,101,140,90,57,163,226,495,1490,912,684,634,559,675,709,675,572,400,329,988,694,479,431,308,223,96,155,261,320,283,187,90,31,174,289,184,194,278,332,262,444,550,364,235,301,85,48,194,2,141,168,60,0,9,113,231,142,56,99,0,34,49,166,100,81,73,19,0,168,136,211,305,191,76,6,51,111,191,147
011,0,6,1,0,0,0,0,2,0,0,2,0,0,1,0,0,9,1,0,6,0,2,10,11,2,4,0,0,3,0,18,30,18,21,23,13,26,22,17,11,0,8,7,5,19,5,2,5,0,2,0,2,0,1,0,0,10,1,6,2,5,0,12,7,16,2,5,0,0,20,15,7,12,6,7,0,0,6,0,2,0,8,0,0,4,6,8,6,2,0,24,24,18,6,14,2,0,0,0,1,2,0
012,11,3,22,14,30,20,15,8,1,22,11,48,26,0,31,33,27,57,28,0,8,21,12,33,21,8,6,0,11,24,49,300,171,139,109,141,148,177,187,128,60,37,143,100,118,120,77,24,16,45,77,92,50,64,0,0,56,68,54,52,64,66,72,132,122,113,85,138,45,25,88,11,46,58,38,9,1,24,42,57,11,0,0,0,17,63,67,43,27,4,0,75,96,65,82,85,54,26,38,33,51,40
013,7,9,5,6,6,3,23,14,1,1,12,8,13,7,15,16,12,16,22,30,9,23,17,9,0,2,0,0,12,19,76,271,167,147,90,120,120,135,101,76,80,37,167,95,69,95,58,1,5,15,56,40,31,25,7,0,37,26,35,46,94,77,66,68,102,56,0,19,3,0,38,21,33,67,9,0,5,34,62,26,30,9,0,0,11,54,36,16,6,0,0,26,11,48,69,38,17,0,0,24,17,24
014,4,1,4,2,6,0,0,3,0,2,0,4,3,0,12,12,10,8,24,15,12,3,17,20,11,20,0,0,3,16,33,125,128,55,26,70,110,95,109,36,9,43,66,56,46,81,32,5,2,79,45,29,21,28,12,0,13,23,25,62,107,33,44,29,47,39,42,16,12,0,25,16,18,50,34,0,7,22,5,9,0,31,5,16,27,22,32,4,0,0,2,4,28,17,16,37,16,0,1,36,21,6
015,3,0,0,3,1,3,0,0,1,0,2,5,2,2,5,9,1,17,15,21,15,5,9,0,0,16,10,0,6,14,88,170,72,115,85,79,126,106,37,27,42,42,293,41,14,11,4,0,11,0,18,14,9,11,0,0,3,8,31,29,13,2,11,11,6,9,2,3,0,0,11,2,9,0,13,0,4,3,7,0,10,8,3,0,0,9,4,10,7,5,0,11,16,27,14,7,9,0,10,3,2,3
016,1,9,1,0,0,0,5,3,0,0,10,10,7,0,0,1,0,0,0,1,0,1,1,6,0,0,2,0,4,19,10,12,4,2,25,37,0,16,23,21,10,0,16,0,6,4,0,4,0,10,12,13,19,1,2,0,3,20,53,14,23,14,4,0,7,13,0,12,5,0,0,0,4,0,16,20,2,33,53,13,5,2,0,0,7,4,22,11,14,0,1,11,13,11,12,11,17,0,0,13,29,7
017,6,0,2,1,8,5,1,0,10,8,21,8,0,14,32,21,17,51,26,8,5,1,1,0,0,1,0,0,3,5,31,61,30,27,25,21,4,4,16,19,50,18,30,10,8,0,0,5,0,17,6,7,0,10,3,0,8,3,3,9,13,34,0,12,7,0,5,0,3,0,1,33,44,38,22,1,4,0,0,7,0,0,0,5,10,16,13,14,13,6,7,1,0,0,6,8,0,8,4,2,0,0
018,10,18,6,18,2,0,6,7,0,7,9,1,0,19,12,0,0,3,4,0,0,4,0,10,20,9,11,0,0,2,2,6,0,3,14,0,0,3,6,1,0,0,4,2,0,4,0,0,0,0,5,2,2,3,0,0,9,2,5,9,1,1,10,0,1,0,0,7,4,0,2,0,0,2,0,1,4,3,0,3,0,1,1,0,0,3,0,1,0,0,0,13,0,11,5,7,0,0,0,2,0,0
019,0,0,0,0,0,0,0,0,0,0,0,1,1,0,0,0,0,1,0,2,0,0,0,1,0,0,0,0,0,0,0,2,0,0,0,0,0,1,0,0,0,0,0,0,0,0,2,0,0,0,0,1,1,0,0,1,0,0,0,0,0,0,1,0,0,0,1,0,0,0,0,0,0,0,0,0,0,1,0,0,0,0,1,0,0,0,0,0,0,0,0,0,0,0,0,2,1,0,1,0,1,1
020,101,133,98,67,83,58,63,54,27,46,100,165,209,125,138,147,187,222,224,208,183,119,131,78,110,115,95,51,159,251,455,1171,966,855,620,768,745,652,865,547,436,344,818,724,458,565,384,240,175,178,232,243,146,112,169,49,138,208,183,161,193,362,357,578,519,328,295,268,3,30,149,14,62,193,101,0,0,154,240,164,67,50,0,3,44,126,57,98,76,24,0,109,128,161,360,296,91,17,72,193,184,116
021,0,0,0,0,0,0,0,0,0,1,0,1,0,0,0,0,0,0,0,1,0,0,0,0,0,0,0,0,0,0,0,0,0,0,0,0,0,2,0,1,0,0,0,0,0,0,1,0,0,0,0,0,0,0,0,2,0,2,0,0,2,0,0,0,0,1,0,0,1,0,0,0,0,0,0,0,0,0,0,0,0,0,0,0,0,0,0,0,0,0,0,0,2,0,0,0,0,0,0,0,0,3
0211,0,0,0,0,0,0,0,0,0,0,0,0,1,0,0,0,0,1,0,4,0,1,0,0,0,0,0,0,0,0,0,1,0,0,1,0,0,1,1,0,0,0,0,0,0,0,4,2,0,0,3,0,0,0,0,0,0,0,0,0,1,0,1,0,0,2,0,0,0,0,0,0,0,0,0,0,0,0,1,0,0,0,0,0,0,0,0,0,0,0,0,0,0,0,0,0,1,0,0,1,0,0
0213,0,0,0,0,4,0,0,0,0,2,0,0,0,0,0,3,0,0,0,0,0,0,2,0,1,0,3,3,0,2,0,1,0,2,0,1,2,0,8,0,3,0,0,0,0,0,0,0,0,0,0,2,0,7,0,0,3,0,3,0,3,0,0,0,0,1,0,0,0,0,0,0,0,1,0,0,0,0,0,0,0,1,0,1,2,0,0,1,1,0,2,0,0,1,0,0,0,0,1,0,0,0
0214,3,0,2,0,0,1,50,10,3,0,0,1,0,0,0,0,13,3,4,0,0,0,0,0,1,4,2,1,10,0,1,3,0,0,1,2,9,10,0,0,1,0,1,0,4,1,2,0,1,2,0,1,0,1,0,0,2,0,8,2,2,1,5,0,12,0,0,3,0,1,0,0,0,1,0,1,2,0,18,26,4,4,3,0,2,0,0,0,1,0,1,0,0,1,0,8,0,5,0,3,4,0
022,1,0,0,4,2,0,2,0,0,0,2,5,2,0,1,4,1,6,11,14,7,1,0,6,1,0,0,0,12,10,46,71,56,75,43,49,52,21,20,13,15,12,24,51,17,1,7,0,0,27,17,16,2,26,0,0,32,28,21,6,4,8,2,34,27,6,5,8,0,1,7,4,16,0,0,6,0,8,9,1,0,10,0,0,6,18,31,2,0,3,0,11,0,16,26,9,10,0,3,2,5,0
023,1,1,0,1,0,0,0,1,0,0,0,0,6,11,0,2,0,2,0,3,4,0,2,0,1,0,3,0,4,3,5,13,19,1,0,10,2,4,8,6,0,2,29,17,12,19,41,18,8,29,1,5,16,0,12,18,12,0,4,18,33,58,40,32,8,18,0,5,0,0,0,6,21,13,5,1,0,8,6,14,13,0,0,3,0,2,0,0,0,0,3,4,0,1,1,4,0,2,0,0,1,3
0231,0,0,0,5,2,0,3,0,0,0,0,5,0,0,0,2,0,0,1,0,2,0,1,0,0,0,0,2,0,0,0,0,2,4,8,0,9,10,2,0,2,0,1,0,0,3,0,1,0,0,3,0,9,16,1,0,5,14,16,8,39,27,2,0,0,3,0,0,2,1,0,0,5,15,2,6,0,7,0,2,0,2,0,0,2,0,0,1,0,0,0,2,0,5,0,0,0,0,0,0,4,11
0232,0,0,0,0,0,0,0,0,0,0,0,0,0,0,0,0,0,0,0,0,0,0,0,0,0,0,0,0,0,0,0,3,4,0,1,1,0,0,1,0,4,0,0,4,3,0,1,0,2,0,0,6,14,2,0,4,3,0,0,0,2,0,0,3,0,0,2,0,0,0,0,0,0,0,0,0,0,0,0,0,0,1,0,0,1,0,0,0,0,0,0,0,2,5,0,1,0,0,0,0,0,0
0233,1,3,4,0,6,3,4,1,0,0,0,7,3,0,7,17,0,3,3,0,0,0,10,0,0,1,0,0,1,1,4,33,14,4,0,11,0,24,17,3,2,7,22,24,38,43,29,23,29,25,32,11,24,10,6,0,9,23,29,34,43,73,125,60,51,45,2,0,0,0,1,0,0,1,17,4,0,4,0,0,10,0,7,4,2,8,7,6,0,11,0,5,10,9,9,5,0,7,4,0,22,21
0234,0,0,0,0,0,0,0,0,0,0,0,1,0,0,3,4,0,0,1,1,0,2,0,1,1,0,0,6,3,4,0,20,5,24,0,8,8,6,2,0,0,4,5,5,0,0,1,2,1,0,1,0,4,3,1,0,3,2,2,2,0,14,4,4,2,21,0,0,4,0,5,3,0,1,11,0,0,3,0,4,3,0,0,0,7,2,0,0,0,3,0,0,0,4,3,0,2,0,0,0,0,2
024,0,0,0,0,0,0,0,0,0,0,0,0,0,0,0,0,0,0,0,0,0,0,0,0,0,0,0,0,0,0,0,1,0,0,0,0,0,0,0,0,0,0,0,0,0,0,1,0,0,0,0,0,0,0,1,0,0,0,0,0,0,0,0,0,1,0,0,0,0,0,0,0,0,0,0,0,0,0,0,0,0,0,0,0,0,0,1,0,0,0,0,0,0,0,0,0,0,0,0,0,0,0
0241,0,0,0,0,0,0,3,0,0,0,0,4,5,5,4,3,0,13,10,12,0,0,5,0,0,0,1,4,1,3,13,69,55,154,84,48,41,66,32,25,37,88,123,120,69,43,24,0,0,10,7,13,6,0,0,1,7,13,16,1,19,17,10,3,18,10,41,15,0,0,26,5,1,1,3,0,0,0,0,5,0,2,0,5,11,1,0,0,1,5,0,6,7,7,2,2,0,0,2,0,5,3
0242,0,0,0,0,0,0,0,0,0,0,0,0,0,0,0,0,1,0,0,0,0,0,0,0,0,0,1,0,0,0,0,0,4,0,0,2,0,0,0,0,0,0,0,0,0,2,0,0,0,0,0,0,0,0,0,0,0,0,0,0,0,0,0,0,3,2,0,0,0,0,0,0,0,3,0,0,0,0,1,0,0,1,0,0,0,0,0,0,0,0,0,0,0,0,0,0,0,0,0,0,0,0
0243,0,0,0,0,0,0,1,0,0,0,0,0,0,0,0,0,0,0,0,0,0,2,2,0,0,0,0,0,1,0,1,6,7,0,5,0,0,0,3,0,0,1,0,2,0,0,0,0,0,0,0,0,3,0,0,0,0,2,0,4,1,0,0,1,0,2,0,0,0,0,0,0,0,0,0,0,0,0,1,3,0,0,0,0,0,0,0,0,3,0,0,0,0,0,0,0,0,0,0,0,0,1
025,2,1,0,0,0,1,0,2,0,4,0,14,31,4,2,3,0,0,8,1,0,0,0,5,1,3,2,0,7,2,15,54,27,16,7,24,4,6,4,0,6,13,51,33,13,0,0,4,0,0,3,28,8,0,2,0,3,19,6,19,8,34,20,20,14,9,4,0,4,0,8,3,8,0,0,2,2,13,8,0,0,4,0,1,2,2,2,4,0,5,0,5,1,7,20,5,2,0,1,9,10,6
0251,0,0,0,0,0,0,0,0,0,0,0,0,0,0,0,0,0,0,0,0,0,0,0,0,0,0,0,0,0,0,0,0,0,0,0,0,0,0,0,0,0,0,0,0,0,0,0,0,0,0,0,0,0,0,0,0,0,0,0,0,0,0,0,0,0,2,0,0,0,0,0,0,0,0,0,0,0,0,0,0,0,0,0,0,0,0,0,0,0,0,0,0,0,0,0,0,0,0,0,0,0,0
0253,4,0,0,0,0,0,0,0,0,1,0,0,0,1,0,4,0,0,0,7,5,0,1,3,1,0,1,0,0,1,0,9,0,2,39,12,0,0,66,14,0,2,2,3,0,0,4,0,1,3,0,0,0,0,1,0,0,0,1,0,3,0,6,18,29,0,0,0,0,1,0,0,14,30,0,0,3,0,1,0,0,0,4,2,0,2,0,24,25,0,2,0,0,0,0,0,1,0,0,1,4,1
0254,0,0,0,0,0,0,0,0,0,0,0,0,0,0,0,0,0,1,0,0,0,0,0,0,0,0,0,0,0,0,0,0,0,0,0,0,0,0,0,0,0,0,0,0,0,0,0,0,0,0,0,0,0,0,0,0,0,0,0,0,0,0,0,0,0,3,0,4,0,0,0,0,0,0,0,0,0,0,0,0,0,0,0,0,0,0,0,0,1,0,0,0,0,0,0,1,0,0,5,4,3,2
0255,0,0,0,0,0,0,0,0,0,0,0,0,0,0,0,0,0,0,0,0,0,0,0,0,0,0,0,0,0,0,0,0,0,0,0,0,0,0,0,0,0,0,0,0,0,0,0,0,0,0,0,0,0,0,0,0,0,0,0,0,0,0,1,0,0,0,0,0,4,0,0,0,0,1,0,0,0,0,0,0,0,0,0,0,0,0,0,0,0,0,0,0,0,0,0,0,0,0,0,0,0,0
0256,2,0,0,0,0,0,0,0,0,0,0,1,3,1,0,0,0,0,0,0,0,0,0,0,0,0,0,0,1,0,2,0,0,5,2,1,0,0,0,0,0,0,2,1,1,0,0,0,0,2,0,0,0,4,0,0,2,0,0,0,0,1,0,1,0,0,0,5,3,0,0,0,0,0,1,0,0,1,4,0,0,1,0,0,0,2,6,0,0,0,0,0,0,12,22,14,0,0,2,3,0,0
026,12,1,0,4,0,0,0,3,1,8,11,10,13,0,4,0,2,4,2,6,16,0,0,2,1,1,0,4,5,3,6,168,171,143,57,72,41,68,84,42,53,92,140,76,69,64,26,39,0,20,43,18,49,38,13,7,2,50,26,54,49,11,11,173,101,87,43,71,0,0,4,5,0,0,0,6,4,1,8,7,0,18,5,0,22,36,18,6,0,26,7,0,13,41,42,14,3,0,0,12,5,44
027,0,18,8,0,2,0,0,2,0,1,0,5,7,1,5,0,3,4,0,2,0,0,3,0,3,0,4,1,1,2,4,74,36,22,19,29,15,8,7,1,0,4,30,38,15,44,30,0,11,12,0,16,3,0,0,0,1,7,6,0,7,18,8,15,33,32,15,17,2,0,4,1,2,3,0,0,0,0,0,7,1,9,0,6,4,15,5,4,4,0,0,0,9,16,14,3,0,0,0,2,0,2
028,0,3,0,0,0,0,0,3,0,2,0,0,3,0,0,0,1,0,1,0,2,2,0,0,0,0,3,0,1,3,0,9,13,3,0,0,2,1,0,0,0,3,16,17,10,0,2,0,1,2,0,11,7,5,0,4,0,2,1,0,0,0,4,7,0,4,0,2,1,1,6,0,0,2,2,0,4,0,0,0,0,0,0,5,0,0,0,3,0,2,0,0,0,0,0,1,0,0,0,4,0,1
030,35,13,3,31,32,7,41,16,5,25,34,20,15,22,39,31,31,67,78,66,40,8,26,63,38,43,24,14,6,25,188,537,332,278,137,193,179,235,229,138,91,94,155,209,129,96,89,61,0,21,50,49,72,51,3,0,34,21,21,26,50,215,123,81,70,46,51,70,0,2,80,0,22,19,22,0,0,0,95,105,89,36,0,18,53,82,17,26,42,9,19,37,40,84,100,105,51,19,26,24,71,86
031,1,0,1,0,0,0,2,0,0,0,3,0,0,0,1,5,4,0,11,5,2,6,0,11,1,0,9,1,0,3,3,46,40,14,0,6,29,14,31,27,0,0,4,4,0,26,0,0,0,3,10,36,17,0,0,2,1,9,2,0,1,1,0,6,3,0,0,0,8,5,2,0,0,14,10,4,0,3,29,3,3,0,6,0,2,2,4,6,0,0,1,1,0,12,0,13,0,5,11,9,0,9
0311,1,0,3,0,5,0,7,6,0,3,9,0,0,0,5,3,0,0,2,0,0,6,1,0,2,2,0,1,2,0,2,21,19,0,2,2,13,15,5,19,0,0,9,3,12,9,5,0,0,9,8,11,17,1,0,3,8,0,0,6,0,0,2,5,8,1,5,0,0,1,5,0,4,0,0,0,3,4,21,37,24,0,5,0,7,8,0,1,0,0,3,4,0,0,2,1,0,0,3,1,10,5
0312,0,0,0,0,0,0,0,0,0,0,0,0,0,0,0,0,0,0,0,0,0,0,0,0,0,0,0,0,0,0,0,2,0,0,1,0,0,0,0,0,5,3,2,1,0,0,0,0,0,0,1,0,0,0,0,0,0,0,0,0,7,0,0,2,0,0,0,0,1,0,0,3,0,0,0,0,0,0,0,0,0,0,1,0,0,6,0,0,0,2,0,6,0,0,5,1,0,2,0,0,0,8
0314,0,0,0,0,0,0,1,0,0,0,0,0,0,0,0,0,0,0,0,0,0,0,0,0,0,0,0,0,0,0,0,0,0,0,0,0,0,0,0,0,0,0,0,0,0,0,0,0,0,0,0,0,0,0,0,0,0,0,0,0,0,0,0,0,0,0,0,0,0,0,0,0,0,0,0,0,0,0,0,0,0,0,0,0,0,0,0,0,0,0,0,0,0,0,0,0,0,0,0,0,1,0
032,2,0,0,0,0,4,0,1,0,6,3,0,1,6,0,0,1,0,5,10,0,1,2,1,0,0,0,0,0,6,24,98,91,61,12,27,29,37,29,0,3,0,19,30,4,0,0,0,0,1,6,0,2,1,5,0,0,25,6,5,6,18,15,5,5,0,0,3,6,1,9,0,0,0,16,3,0,0,5,0,0,2,2,0,3,1,1,0,0,6,0,26,37,15,8,4,0,0,1,6,3,9
033,2,0,1,6,3,0,5,10,0,4,4,1,0,1,2,0,5,0,4,0,0,2,3,5,1,6,0,0,5,1,6,62,57,21,10,16,39,38,40,22,8,10,67,54,22,20,6,0,0,0,46,18,23,26,45,8,12,22,34,47,82,97,47,6,21,0,0,4,0,0,13,1,0,0,9,30,0,29,2,43,20,0,7,0,3,2,0,0,0,1,0,7,3,5,12,17,31,2,0,0,0,14
0331,0,2,2,0,0,0,0,1,0,0,0,0,1,0,0,0,0,6,6,0,2,1,0,2,1,0,0,0,0,0,7,31,21,6,1,4,7,3,0,1,3,1,24,5,12,25,8,2,0,3,0,9,2,8,0,5,1,5,0,3,2,0,0,3,5,4,0,10,2,0,0,0,7,1,2,0,1,0,3,0,0,0,0,2,0,1,4,4,0,6,0,2,10,0,11,11,7,0,0,0,0,0
0332,0,0,0,0,0,0,1,0,1,2,4,0,0,0,7,1,0,0,2,5,4,0,3,0,4,3,0,0,0,3,5,12,10,3,0,4,10,6,4,0,2,11,31,2,0,4,0,0,6,2,0,10,4,3,10,10,0,1,5,7,28,12,3,8,0,0,0,17,0,7,6,3,0,0,3,0,0,4,5,0,1,0,0,0,3,5,1,0,2,0,0,2,7,9,1,2,0,0,0,8,1,3
0333,0,1,0,0,0,0,0,0,0,0,0,0,0,0,0,0,0,1,0,1,2,0,0,0,0,3,0,0,3,2,7,41,31,1,0,1,0,16,36,24,58,46,109,62,21,21,34,0,0,14,35,44,30,56,32,2,29,56,42,51,51,139,64,9,4,0,0,10,7,7,4,0,1,0,0,0,0,1,1,1,1,0,0,1,6,3,5,4,0,1,0,4,2,3,6,18,15,3,1,0,0,0
0334,0,0,0,0,0,0,0,0,0,0,0,0,0,0,0,0,3,0,0,0,0,0,0,0,0,0,0,0,0,0,0,6,9,0,1,0,5,4,2,0,3,1,0,0,0,0,1,0,0,4,3,0,0,0,0,0,0,0,1,0,1,0,13,25,2,0,0,2,1,0,0,0,4,0,0,0,1,0,0,0,0,1,1,0,2,1,0,1,1,0,0,1,0,2,0,1,0,0,0,0,0,0
034,0,0,0,0,0,0,0,0,0,0,1,2,1,0,0,0,0,0,0,0,1,0,0,0,0,0,0,0,0,0,0,0,0,0,0,0,0,0,1,0,0,0,0,0,0,0,0,0,0,0,0,1,0,0,0,0,0,1,0,0,0,0,0,1,0,0,0,0,0,0,0,0,0,0,0,0,0,0,0,0,0,0,0,0,0,0,0,0,0,0,0,0,0,0,0,0,0,0,0,0,0,0
0341,0,0,0,0,0,0,0,0,0,0,0,0,0,0,0,0,0,0,0,0,0,0,0,0,0,0,0,0,0,0,0,0,0,0,0,0,0,0,0,0,0,0,2,0,0,0,0,0,0,0,0,0,0,0,0,0,0,0,0,0,0,0,0,0,0,0,0,0,0,0,0,0,0,0,1,0,0,0,0,0,0,0,0,0,0,0,0,0,0,0,0,0,0,0,0,0,0,0,0,0,0,0
035,0,0,0,0,4,0,12,0,1,0,0,0,2,0,0,1,0,2,0,0,2,1,5,17,0,2,0,16,17,17,15,24,56,20,24,14,18,28,24,15,0,0,9,10,6,24,10,4,0,0,5,0,5,0,3,0,0,30,12,14,3,6,5,21,18,7,0,0,0,5,0,8,2,0,1,0,6,0,0,5,1,0,8,6,6,1,7,0,2,0,2,1,1,2,0,3,0,0,0,3,2,2
0351,0,0,0,0,0,0,0,0,0,0,0,0,0,0,0,0,0,0,0,0,0,0,0,0,0,0,0,0,0,0,0,0,0,0,0,0,1,0,0,0,1,0,0,0,0,6,2,2,1,0,0,0,0,0,3,0,2,0,0,0,0,0,0,0,0,0,0,0,0,0,0,0,0,0,0,0,0,0,0,0,0,0,0,0,0,0,0,0,0,0,0,0,0,0,0,0,0,0,0,0,0,0
0353,0,0,0,0,1,0,0,0,0,0,0,3,0,1,0,4,0,2,2,0,2,0,0,1,3,0,0,0,0,0,8,7,0,2,0,4,11,8,8,4,0,0,2,3,0,7,1,0,1,0,3,0,1,0,0,0,5,3,0,5,6,0,0,4,8,0,0,3,0,1,2,0,9,4,7,0,0,3,3,4,2,0,0,2,2,0,0,6,1,0,0,5,4,0,1,2,0,1,0,6,2,2
0356,0,0,3,3,0,1,0,0,0,1,0,1,1,0,0,4,0,3,0,1,0,0,0,0,0,2,1,0,0,0,0,12,19,1,8,2,0,9,0,3,0,1,1,0,8,3,1,0,0,0,0,1,0,1,0,5,2,11,0,2,4,2,8,0,0,0,3,1,0,4,4,0,6,5,9,0,4,0,53,21,6,9,0,0,0,1,2,0,0,0,0,1,2,5,14,0,0,0,0,3,5,0
036,50,30,29,106,81,47,50,44,19,79,101,200,58,30,85,132,119,159,90,69,45,93,131,102,70,74,38,12,76,144,164,403,488,367,174,318,491,533,440,357,258,261,631,422,392,433,247,85,48,137,144,150,181,168,89,107,221,160,163,295,325,229,595,538,273,315,375,373,92,127,244,48,53,77,0,124,0,11,33,0,28,121,100,123,185,161,246,86,107,0,0,0,113,436,220,126,7,0,41,116,107,91
037,1,0,0,1,0,0,1,0,0,0,1,0,1,0,4,1,1,0,0,2,0,2,0,1,0,1,0,1,0,0,0,11,5,0,15,4,0,10,0,0,4,0,6,14,6,1,1,0,0,0,2,0,0,2,0,0,2,0,0,0,33,31,6,7,8,0,0,10,8,0,0,2,0,1,0,0,0,0,0,0,0,2,0,0,0,0,0,0,2,0,0,4,0,2,27,4,0,0,2,0,3,3
038,0,0,0,0,0,0,0,0,0,0,0,0,1,0,0,1,3,0,0,0,1,0,0,0,1,0,0,1,0,0,1,9,12,0,0,0,3,7,3,0,4,11,18,3,0,1,0,4,0,5,0,7,0,0,0,0,0,1,0,0,0,0,1,10,0,5,1,0,0,3,7,3,0,0,4,0,0,1,3,4,0,1,0,0,1,1,0,0,0,0,0,0,4,4,0,0,0,0,1,0,0,3
039,0,0,1,0,0,0,0,0,0,0,0,2,0,0,0,4,0,1,1,5,0,1,5,11,3,0,2,0,0,0,7,16,62,48,0,4,4,16,27,33,35,0,31,12,6,5,0,0,4,2,1,8,0,5,0,0,0,0,3,0,8,1,0,0,3,0,0,2,0,0,4,0,0,0,1,0,0,0,0,3,1,0,0,3,0,4,2,0,1,0,0,0,2,0,0,1,0,0,0,4,0,0
040,79,35,29,62,118,61,46,88,58,226,248,297,158,125,126,145,188,373,335,244,252,122,94,162,306,479,151,89,134,198,330,979,690,798,538,795,865,718,1066,679,525,430,1173,817,709,692,368,150,64,292,417,624,479,330,170,43,212,142,155,274,419,447,463,982,617,577,614,552,228,126,261,143,127,132,9,0,0,107,141,158,193,151,133,291,355,404,273,151,266,101,10,211,278,605,609,389,35,0,53,180,289,319
041,3,1,0,0,4,0,0,0,0,4,0,8,1,2,5,4,0,3,15,7,0,0,29,50,7,0,0,0,8,13,17,201,101,133,46,21,22,67,99,23,11,27,52,0,0,0,0,0,4,21,37,61,4,5,0,0,0,0,7,11,7,5,27,9,20,11,0,11,24,31,3,0,4,15,12,2,5,0,2,0,0,18,7,19,0,14,2,8,1,0,2,39,36,20,24,5,10,0,15,1,2,5
042,70,56,80,74,151,107,101,84,51,129,128,159,167,142,169,179,209,322,257,199,168,124,152,126,145,156,79,49,145,161,387,728,590,649,466,474,587,619,685,491,407,313,603,457,426,542,432,170,136,250,205,227,285,198,158,131,320,195,190,386,524,613,389,540,521,328,346,397,186,251,889,394,233,258,141,63,0,26,150,23,0,56,0,160,126,203,78,72,44,26,97,241,231,295,243,178,47,0,100,79,109,132
043,65,40,67,59,131,90,82,79,33,94,109,125,144,131,160,157,183,273,206,177,144,102,116,104,118,162,68,29,113,136,292,622,517,494,377,368,459,513,526,403,342,235,426,351,378,466,349,148,118,207,178,192,208,172,144,93,290,186,178,308,434,494,332,434,421,244,308,316,141,195,696,300,187,221,123,55,0,35,145,42,2,63,0,125,94,163,77,64,37,15,48,184,178,242,201,140,50,0,60,74,90,122
044,0,0,1,0,0,0,0,0,0,0,0,0,1,0,0,0,2,1,6,0,0,0,0,2,0,0,0,0,0,0,6,5,5,24,1,0,10,0,8,14,0,1,6,8,9,1,0,7,7,14,2,14,18,6,1,0,6,1,0,5,0,7,6,12,6,0,8,0,1,23,29,0,3,0,10,0,2,0,0,3,2,2,0,7,0,5,0,2,2,1,0,0,2,0,7,11,6,0,0,10,6,0
045,1,0,0,0,0,0,1,2,0,1,0,0,0,0,2,2,13,0,1,9,0,0,0,1,6,0,1,0,1,2,0,16,76,44,14,12,15,25,28,23,0,8,19,23,9,15,12,8,0,6,5,8,0,0,6,0,4,1,2,0,5,0,1,2,0,4,1,1,0,2,3,0,4,2,0,3,8,0,0,6,10,0,1,3,0,13,1,4,4,3,0,3,0,6,5,1,0,3,0,2,0,0
046,32,26,18,82,60,16,34,23,6,85,108,116,75,77,76,74,97,68,86,81,81,51,23,83,66,100,42,5,18,102,148,503,434,483,303,351,360,454,441,246,196,166,486,460,241,310,197,183,46,85,120,233,165,120,72,8,84,94,97,137,214,119,139,274,263,193,141,213,103,107,82,33,5,0,0,0,49,78,74,44,85,29,18,65,156,284,268,18,25,9,0,58,34,147,187,209,100,0,19,8,64,37
050,20,11,8,4,14,9,5,4,0,18,29,25,9,5,11,52,35,12,50,29,22,30,50,28,6,26,15,0,13,32,51,164,138,133,158,105,122,280,152,154,111,95,161,101,36,88,49,52,11,3,63,65,49,45,55,22,33,54,34,21,25,7,0,76,40,22,32,23,1,0,21,0,27,44,21,0,7,35,49,11,4,16,0,4,24,47,35,2,8,0,0,32,52,125,82,61,14,0,0,16,36,55
051,52,54,35,53,98,38,69,37,45,92,132,123,184,260,188,226,215,438,373,358,274,181,240,262,231,166,74,69,145,263,1388,3999,2126,2352,1533,1508,1380,1210,1497,1198,1015,781,2424,1538,755,632,514,239,125,195,312,293,260,225,139,0,164,372,205,278,560,515,486,619,612,360,290,420,149,60,464,161,163,190,73,0,0,92,208,53,30,130,15,2,40,171,116,50,36,0,0,195,194,276,344,173,83,3,0,168,135,93
052,1,0,1,3,0,0,2,2,0,0,1,0,3,2,8,3,5,5,0,0,2,5,0,0,2,0,0,0,5,1,4,45,21,21,0,20,23,7,3,5,0,0,10,2,11,0,7,4,0,3,9,0,1,0,6,0,0,5,10,1,0,6,4,11,3,12,0,2,1,0,12,2,6,5,1,0,0,4,7,2,1,3,0,0,0,7,4,3,3,0,0,0,1,8,5,3,0,0,0,2,5,0
053,0,0,1,3,0,0,0,1,0,0,0,1,0,4,1,0,0,3,0,6,1,7,0,2,0,5,0,0,3,5,0,48,21,9,1,5,21,6,7,2,0,10,8,0,0,0,7,5,2,0,1,5,0,0,6,4,0,1,0,2,7,16,0,12,10,10,1,9,0,11,5,0,11,1,2,5,3,0,8,0,1,0,1,6,8,5,0,0,9,0,3,1,0,27,1,4,14,24,0,1,6,1
054,0,0,2,0,2,0,2,0,0,3,0,5,1,0,0,1,3,9,16,1,0,4,3,0,0,0,3,0,0,6,26,66,48,33,27,6,1,6,19,2,0,5,50,22,11,4,6,0,2,0,39,15,5,0,2,0,2,3,0,8,8,5,2,7,0,2,0,0,2,0,7,2,0,0,2,0,3,0,19,5,1,7,4,0,0,9,4,0,0,5,3,1,0,1,4,0,5,0,2,0,1,2
055,0,0,0,0,0,0,0,0,0,0,0,0,0,0,0,3,2,0,0,7,0,0,0,0,0,0,0,0,0,0,0,0,2,0,0,0,0,0,2,0,1,0,3,0,3,2,5,0,0,0,1,0,2,0,0,0,4,0,0,0,1,2,0,1,0,0,3,3,0,0,2,2,0,2,0,1,0,8,0,1,0,0,5,0,0,4,0,1,0,4,2,0,12,0,3,0,0,0,4,0,2,1
056,0,0,2,0,0,0,0,0,0,0,0,0,0,0,0,2,3,0,0,2,0,4,2,4,0,1,0,0,2,0,0,4,30,8,3,0,3,0,4,2,0,1,2,0,3,1,0,1,2,0,0,1,0,0,0,0,2,0,2,2,0,8,12,2,0,0,0,0,1,0,0,9,11,14,0,0,0,2,0,0,0,1,0,0,0,0,0,2,0,0,1,0,3,1,0,0,0,0,0,0,2,0
057,6,10,6,8,21,16,6,0,0,12,0,30,41,47,148,155,85,101,62,48,0,20,38,46,14,40,15,0,4,29,71,202,151,53,25,24,50,43,67,75,61,18,80,205,257,115,132,125,6,17,3,140,28,22,0,4,0,2,30,24,84,23,0,67,34,12,52,120,24,29,25,19,0,40,21,6,17,7,3,0,28,12,32,7,17,10,37,20,51,18,12,26,125,105,95,34,46,0,0,7,0,41
060,14,12,15,6,8,5,15,27,2,10,11,8,0,0,4,35,20,33,11,9,5,10,35,10,0,12,0,0,22,25,31,135,100,81,24,68,111,121,131,71,49,29,73,92,126,155,86,36,26,58,59,44,44,37,26,24,31,32,25,42,84,113,74,89,48,29,26,44,0,0,16,13,66,62,35,37,1,48,19,47,40,0,0,29,33,37,20,14,21,6,54,91,114,82,65,49,69,44,1,69,43,39
061,7,1,0,13,32,8,9,8,5,4,0,2,0,5,1,2,2,5,5,0,0,10,12,16,6,10,0,3,0,0,40,75,60,29,12,32,152,106,98,102,45,22,37,34,56,11,36,20,2,28,31,46,33,16,8,0,18,3,6,20,0,17,3,16,13,1,18,9,0,25,23,29,13,24,0,0,22,27,50,45,51,58,15,10,7,65,63,83,59,0,0,16,15,22,10,30,0,6,0,0,13,35
062,3,0,8,0,1,0,0,0,6,0,7,9,102,0,0,4,0,10,0,2,0,0,3,0,0,2,2,0,3,0,14,23,0,10,11,0,9,1,0,3,9,25,17,2,8,0,0,0,7,1,4,0,4,6,0,0,0,5,12,10,14,8,55,30,7,0,5,10,8,6,4,2,0,1,0,3,0,1,10,1,0,2,9,8,3,0,0,3,3,0,0,44,42,32,9,0,7,7,3,17,6,6
063,1,0,0,0,3,0,0,0,0,0,0,1,0,0,0,0,0,1,0,0,0,0,0,0,1,0,2,0,0,0,4,3,0,0,1,0,0,15,47,8,0,0,1,0,1,0,0,0,0,0,4,1,0,0,8,3,0,0,5,3,0,0,0,1,32,10,6,3,0,4,0,2,8,10,2,0,0,2,4,1,0,0,0,0,2,0,0,0,0,0,0,0,1,0,0,0,4,0,2,0,0,0
064,0,0,1,0,1,0,0,4,0,0,0,2,0,0,0,2,0,0,0,0,13,1,2,0,0,0,3,1,0,0,2,7,3,0,0,3,0,4,4,4,6,0,0,1,0,0,0,1,0,0,0,1,0,0,0,1,0,0,2,3,3,0,0,0,3,0,0,0,0,0,1,1,0,6,1,0,0,0,1,3,0,0,2,0,0,0,0,0,5,0,0,1,0,0,1,6,0,1,0,0,0,0
070,13,15,3,0,9,0,7,6,1,0,13,7,8,8,1,7,6,3,7,7,3,0,18,15,14,3,1,0,17,22,15,94,77,79,60,64,25,97,66,99,51,49,142,92,121,169,125,72,41,57,77,52,51,111,67,36,68,115,103,116,246,252,177,160,92,37,40,90,23,0,10,16,33,28,7,2,0,9,34,32,6,0,0,0,35,41,16,4,12,0,0,3,19,20,17,39,31,0,4,11,36,43
071,6,6,15,16,5,6,5,21,0,5,10,4,4,7,4,26,25,7,1,0,7,0,23,12,0,0,0,0,0,10,17,61,110,75,68,84,101,90,80,64,34,21,75,97,71,53,23,13,26,19,11,22,30,54,10,0,15,17,20,36,53,19,0,57,26,11,21,50,26,2,14,0,47,28,1,14,0,29,73,28,25,23,0,2,9,32,18,25,30,44,17,38,30,38,52,24,0,0,11,18,25,13
072,8,28,13,2,0,1,0,0,0,6,3,3,0,0,0,9,1,7,0,3,1,0,7,5,1,1,0,0,14,11,15,54,55,63,56,69,98,80,37,26,9,123,96,44,30,38,0,0,3,17,0,21,29,16,56,11,15,41,48,18,63,34,71,25,27,6,4,9,0,7,0,6,0,1,0,1,0,7,9,2,0,11,0,0,9,11,9,4,4,8,6,105,120,130,183,106,121,42,21,32,43,67
073,4,3,2,7,1,0,0,2,0,1,15,4,0,17,6,22,2,0,1,0,6,4,8,6,3,11,16,0,21,8,14,52,43,23,1,6,28,38,38,19,76,39,58,97,126,72,91,66,29,25,65,46,37,78,99,49,85,147,125,106,165,184,129,147,61,32,27,44,0,0,35,29,0,4,0,24,0,13,28,0,4,0,0,6,19,3,0,5,18,1,0,0,11,8,23,30,37,0,8,5,30,16
074,0,0,3,0,0,2,0,0,0,1,0,0,0,2,0,0,5,0,0,0,0,0,0,0,4,1,0,0,0,0,0,2,0,2,6,11,0,5,0,0,1,0,1,1,0,9,0,0,0,3,0,0,4,1,0,0,0,0,0,1,0,0,0,2,0,0,0,0,2,0,6,0,2,1,0,0,0,1,1,0,1,0,1,1,4,0,0,0,0,0,0,4,0,5,1,0,0,0,0,0,0,0
075,0,0,0,0,0,0,3,0,3,0,0,0,1,2,0,2,4,5,0,0,0,0,1,0,8,2,10,0,1,0,7,53,5,1,0,0,1,0,1,0,0,5,2,4,5,23,7,3,0,1,12,3,0,0,4,1,0,9,1,4,0,0,7,20,8,5,0,9,1,0,3,4,0,11,1,0,2,1,0,6,5,0,13,3,2,3,0,4,8,9,0,1,0,0,23,11,0,3,1,3,14,1
080,25,19,17,13,22,5,7,7,3,1,7,5,0,27,91,40,50,36,27,11,16,0,5,9,12,8,13,8,37,42,33,152,122,148,85,124,140,125,116,85,20,36,80,114,63,67,56,50,28,29,39,15,37,23,0,0,48,26,62,46,157,200,162,105,104,100,57,29,0,8,30,0,22,14,2,0,3,10,65,16,23,0,2,14,21,31,6,0,0,17,11,1,14,8,23,50,11,0,17,39,57,134
081,4,0,0,1,0,0,1,0,0,0,0,0,0,0,0,1,0,0,0,0,0,0,1,3,1,0,7,7,0,3,0,6,0,10,0,5,14,1,0,0,2,0,4,0,2,0,0,2,2,9,17,0,1,0,0,0,0,1,0,1,3,0,0,2,3,0,7,8,4,0,0,0,1,0,0,4,0,2,0,0,1,0,0,2,3,7,0,0,3,0,1,0,0,4,0,3,0,0,0,0,1,0
0811,0,0,0,0,0,0,0,0,0,0,0,0,0,0,0,0,0,0,0,0,0,0,0,0,0,0,0,0,0,0,0,0,0,0,0,2,0,3,0,0,0,0,0,0,7,4,5,0,0,0,0,0,0,0,3,0,1,2,0,4,1,0,0,0,3,0,0,1,0,0,0,2,1,0,0,3,0,0,0,1,0,0,0,0,0,0,0,0,0,0,0,0,0,0,0,5,0,0,0,0,0,0
082,0,0,0,0,1,0,0,0,0,0,0,0,0,0,1,0,0,0,4,0,0,0,0,0,2,0,2,3,0,0,0,0,0,42,0,11,2,0,1,4,0,16,31,12,0,0,2,3,2,1,0,4,3,0,3,1,0,0,0,0,0,0,0,0,2,0,0,2,0,3,0,1,0,0,0,0,0,0,0,0,0,0,0,0,1,2,0,0,0,4,1,0,0,0,0,0,0,2,0,0,0,0
083,0,0,0,0,0,0,0,0,0,0,2,0,1,0,0,1,0,0,2,0,1,0,1,0,0,0,0,0,0,0,0,5,0,1,0,0,0,1,3,0,0,5,1,6,0,0,2,0,0,0,0,0,0,1,0,0,0,1,0,0,0,0,1,0,0,0,1,0,0,0,1,0,0,0,0,0,1,0,0,0,0,0,0,0,1,0,0,0,0,0,1,2,0,0,0,0,0,0,0,2,2,0
0831,0,0,0,0,2,0,0,0,0,1,7,4,1,5,2,0,1,27,11,0,0,0,3,0,0,3,0,3,9,6,44,68,55,67,67,29,100,28,30,51,31,21,38,22,21,0,12,8,0,1,1,7,14,23,0,0,10,21,10,14,21,22,0,10,31,9,12,11,0,0,0,0,0,0,3,0,4,14,11,1,6,5,0,6,20,16,4,0,7,12,12,11,8,0,11,1,5,3,0,11,11,0
0833,2,0,3,3,4,0,0,0,2,0,3,3,4,0,2,0,6,2,0,0,2,1,0,4,2,0,3,0,3,0,9,7,6,17,14,3,6,3,7,10,0,0,24,7,11,0,0,5,6,0,2,0,0,4,5,0,0,3,0,8,0,3,0,4,0,0,5,1,0,4,4,0,2,6,0,2,0,3,2,0,0,1,0,0,3,0,4,3,5,0,0,4,4,4,0,3,2,0,0,1,1,1
084,41,6,3,4,8,3,0,0,1,7,42,18,0,4,0,5,11,7,11,7,29,24,3,0,0,2,3,0,21,25,32,85,41,50,31,23,42,62,259,66,7,1,20,11,20,19,17,5,2,0,6,17,3,0,3,0,12,15,0,8,18,14,22,20,87,28,15,13,0,0,22,15,18,163,34,0,8,2,34,28,14,0,45,29,14,44,20,44,39,0,12,0,8,6,6,4,7,6,0,22,22,9
0841,14,4,15,14,6,11,0,6,0,10,13,18,22,24,14,15,40,24,18,9,23,23,5,5,0,0,0,5,6,26,49,103,84,57,36,51,55,109,216,71,55,16,35,24,63,31,43,22,0,24,15,0,1,10,4,0,34,32,15,15,10,56,37,49,85,24,4,43,0,9,30,0,15,98,17,2,0,0,16,27,23,15,54,37,33,33,26,37,29,9,3,0,0,14,17,18,15,2,0,29,20,4
0842,0,0,0,0,0,0,1,0,0,1,0,0,0,0,0,0,0,0,0,1,0,0,0,0,0,2,0,0,0,0,0,3,1,0,1,0,1,0,7,0,2,0,0,3,2,0,0,0,0,0,1,0,0,1,0,0,2,0,0,0,5,0,1,0,12,3,0,3,0,0,0,0,1,1,4,4,0,2,0,0,1,0,1,0,0,0,3,0,0,0,4,1,0,0,0,0,2,0,0,0,0,0
085,0,0,0,0,5,0,0,0,0,0,0,0,0,0,2,0,0,1,0,0,0,0,0,2,0,0,0,0,6,0,0,6,3,1,0,10,26,5,0,0,0,0,0,4,41,74,9,1,1,0,15,12,8,3,11,0,3,4,9,0,1,1,0,5,3,5,0,1,1,1,1,0,1,0,1,0,1,0,0,0,0,0,0,2,2,8,3,0,0,0,0,0,2,0,0,1,0,3,3,2,1,0
086,0,0,0,0,0,0,0,0,0,0,0,0,0,0,0,0,0,0,0,0,0,0,0,0,0,0,0,0,0,0,6,11,3,0,2,0,28,24,17,6,0,18,19,8,8,23,17,12,2,0,0,12,8,10,20,19,7,5,5,0,1,22,1,0,3,0,3,1,0,0,0,3,0,0,2,0,0,1,0,2,0,0,0,0,0,0,4,1,0,0,0,3,0,9,9,9,2,0,7,1,7,5
0861,0,0,0,0,0,0,0,0,0,0,0,0,0,0,0,0,3,0,0,0,0,0,0,0,0,0,0,0,0,0,0,0,0,0,0,0,0,0,0,0,0,0,0,0,0,0,0,0,0,0,0,0,0,0,0,0,0,0,0,0,0,0,0,0,0,0,0,0,0,0,0,0,0,0,0,0,0,0,0,0,0,0,1,0,0,0,0,0,0,0,0,0,0,0,0,0,0,0,0,0,0,0
0862,0,0,0,0,0,0,0,0,0,0,0,0,0,0,0,0,0,0,0,0,0,0,0,0,0,0,0,0,0,0,0,0,0,0,0,2,3,0,0,0,1,0,0,0,0,0,0,0,0,0,0,0,0,0,0,0,3,0,0,0,0,0,0,0,0,0,0,0,0,0,0,0,0,1,0,0,0,0,0,2,0,0,0,0,0,0,0,0,0,1,0,0,0,0,0,0,0,0,0,0,0,2
0863,0,0,0,0,0,0,0,1,0,0,0,0,0,6,2,5,0,0,0,0,0,0,3,0,0,0,0,0,0,0,0,0,0,0,0,0,0,0,1,0,0,0,0,3,8,7,2,3,0,0,0,0,2,0,0,2,0,0,4,4,0,2,2,0,1,0,0,0,1,0,1,0,0,0,0,0,0,0,0,0,0,0,0,0,0,0,0,0,0,0,0,0,0,0,0,0,0,0,0,0,0,2
087,1,0,1,0,0,0,0,0,0,0,0,0,0,0,0,0,0,0,0,2,0,2,0,0,0,0,0,1,0,1,0,0,1,0,3,2,0,1,1,0,0,1,0,0,0,1,5,0,0,0,1,0,0,0,1,0,0,0,2,2,1,1,0,0,0,0,0,1,0,0,0,0,0,0,0,0,1,0,2,0,2,0,0,0,2,0,0,0,1,0,0,0,3,5,14,0,0,0,0,0,0,0
0871,0,0,0,0,0,1,0,0,0,0,0,0,0,1,0,0,0,0,3,0,0,3,2,0,0,1,0,0,1,0,3,0,0,3,0,3,1,0,0,0,1,0,0,0,1,0,1,3,0,0,0,0,2,0,0,0,1,0,2,0,0,7,7,6,0,3,0,2,0,8,5,0,1,0,2,2,0,5,2,0,0,0,1,0,0,0,2,0,0,0,0,1,4,1,0,0,1,0,3,0,3,0
0872,0,0,0,0,0,0,0,0,0,0,0,0,0,0,0,0,0,0,0,0,0,0,0,0,0,0,0,0,0,0,0,0,0,0,0,0,0,0,0,0,0,0,0,0,6,0,1,0,0,0,3,4,0,0,0,1,1,0,9,0,0,2,5,1,0,2,3,0,0,2,0,0,0,0,0,0,0,0,0,0,0,0,0,0,0,1,0,0,0,0,0,0,0,0,0,0,0,0,1,0,0,0
0873,0,0,0,0,0,0,0,0,0,0,0,0,0,0,0,0,0,0,0,0,1,0,0,0,0,0,0,1,0,2,3,2,0,0,0,1,0,3,0,1,0,4,0,0,1,0,2,0,0,1,2,0,1,0,0,0,0,1,0,2,20,3,1,0,0,1,0,0,0,0,0,0,0,0,0,0,0,1,1,0,0,0,0,0,2,0,0,0,1,0,0,0,0,0,1,0,0,1,0,0,0,0
0874,9,3,2,1,0,0,0,0,1,4,4,6,0,15,5,1,14,13,0,0,7,0,4,0,0,7,1,0,5,4,10,57,46,40,45,64,46,37,45,30,32,29,15,21,35,23,16,6,0,19,27,9,0,0,0,0,2,14,9,0,29,14,23,9,15,0,1,0,0,2,17,0,15,0,0,0,0,4,231,85,37,32,13,0,3,2,0,0,7,9,0,2,15,84,140,42,17,8,0,8,9,24
090,27,4,25,33,19,19,31,24,11,12,18,31,13,13,12,11,12,19,29,4,0,16,16,13,17,17,0,0,19,35,144,184,110,76,50,49,118,175,167,108,40,34,70,72,97,69,47,26,9,48,56,32,62,56,10,10,22,1,20,38,81,45,39,88,46,38,42,41,2,0,57,1,30,15,15,0,3,43,93,80,55,47,6,20,61,16,28,32,6,8,0,22,9,27,46,9,0,0,27,41,64,8
091,1,0,0,0,0,0,4,0,0,0,1,2,2,0,0,0,0,0,0,0,0,6,11,0,1,2,0,0,0,0,0,0,0,0,0,0,4,0,0,3,0,2,0,0,1,0,0,0,0,0,0,0,0,3,0,2,0,0,6,0,1,0,1,1,0,0,0,0,0,0,3,0,0,0,0,2,0,0,3,0,0,0,0,0,1,0,0,0,0,0,0,0,1,0,1,0,0,0,0,0,1,0
092,0,0,0,0,0,0,0,0,0,0,0,0,0,0,0,0,0,2,0,0,1,0,0,0,0,0,0,0,0,0,1,7,1,0,2,0,2,0,0,0,0,0,4,0,2,0,0,0,0,1,0,0,0,7,5,0,5,0,3,1,0,3,3,0,8,0,0,2,0,0,2,0,0,0,1,0,1,0,2,2,0,0,1,0,0,0,0,0,0,0,0,0,0,0,0,0,0,0,0,0,0,0
093,0,0,0,0,0,0,0,0,0,0,0,0,0,0,0,0,0,0,0,0,0,0,1,0,2,0,1,0,0,0,0,0,0,0,0,2,5,0,0,1,0,0,0,0,0,0,0,4,1,0,2,0,0,0,0,0,0,0,0,0,0,1,4,0,0,0,1,0,0,0,0,0,0,0,0,0,0,0,0,0,0,0,0,0,0,3,0,0,0,0,0,0,0,0,0,0,0,0,0,0,0,0
094,0,0,0,0,0,0,0,0,0,0,0,0,0,0,0,0,0,0,0,0,0,0,0,0,0,0,0,0,0,0,0,0,0,0,0,0,0,0,0,0,1,0,0,0,0,0,0,0,0,0,0,0,0,0,0,1,0,0,0,0,0,5,0,0,0,0,0,0,0,0,0,0,0,0,0,0,0,0,0,0,0,0,0,0,0,0,0,0,0,0,0,0,0,0,0,0,0,0,0,0,0,0
100,20,12,10,23,33,18,12,3,13,14,17,17,40,26,20,32,33,46,45,23,16,12,17,16,24,20,0,6,20,42,94,249,280,320,151,147,184,153,130,79,83,63,214,81,44,68,36,14,0,9,33,10,29,43,0,0,25,9,34,46,87,63,108,103,140,82,16,44,0,0,60,42,103,98,24,6,6,35,90,52,28,14,0,17,36,64,41,29,24,8,0,4,30,101,106,42,8,0,37,29,76,16
101,0,0,0,0,0,0,0,0,0,0,0,0,0,0,0,0,1,0,0,0,0,0,5,0,0,0,1,0,1,0,0,0,2,3,0,4,0,6,2,0,2,0,0,2,0,0,0,4,0,2,0,0,0,0,1,0,0,0,0,0,0,0,0,0,0,1,0,0,2,0,0,2,0,0,0,0,0,0,1,0,0,1,2,0,0,0,0,0,1,0,0,0,0,0,4,0,0,0,1,0,0,0
1013,0,0,0,0,0,0,0,0,0,0,0,0,0,0,0,0,0,0,0,0,0,0,0,0,0,0,0,0,0,0,0,0,0,0,0,0,0,6,6,0,0,0,0,0,0,0,0,0,0,0,0,0,0,0,0,0,0,0,0,0,0,0,0,0,0,0,2,0,0,0,0,0,0,0,0,0,0,0,0,0,0,0,0,0,0,0,0,0,0,0,0,0,0,0,0,0,0,0,0,0,0,0
1014,0,0,1,0,0,0,2,8,0,0,1,2,5,0,1,1,7,0,0,3,0,0,4,0,4,2,0,1,1,0,26,18,15,0,0,2,5,5,0,0,1,0,2,1,0,0,3,2,0,1,0,5,1,0,0,0,0,0,0,0,0,0,5,0,1,0,0,2,0,0,2,1,0,0,0,4,0,0,6,1,2,0,0,2,0,1,2,3,0,0,1,0,5,6,8,0,2,0,1,3,3,0
102,0,0,0,0,0,0,0,0,0,0,0,0,0,0,0,0,0,0,0,2,0,0,0,0,0,0,2,0,0,0,0,0,0,0,0,0,0,0,0,0,0,0,0,2,0,0,1,0,0,0,0,0,0,2,0,0,0,1,0,0,0,0,1,0,0,0,0,0,0,0,0,0,0,0,3,0,0,0,0,0,2,0,0,1,0,0,1,0,0,0,0,0,0,0,0,0,1,0,0,0,0,0
1031,0,0,0,0,0,0,0,0,0,0,0,0,0,0,0,0,0,0,0,0,0,0,0,0,0,0,0,0,0,0,0,0,1,0,0,1,0,0,0,0,0,1,0,1,0,0,0,0,0,1,4,0,0,1,0,0,0,0,0,0,0,0,0,2,0,0,0,0,0,3,0,0,0,0,0,0,0,0,0,0,0,0,1,0,0,0,0,0,0,0,0,0,0,0,0,0,0,0,0,0,0,0
1033,0,0,0,0,0,0,0,0,0,0,0,0,0,0,0,0,0,0,0,0,0,0,0,0,0,0,0,0,0,0,0,0,0,0,0,0,0,0,0,0,0,0,0,0,0,0,0,0,0,0,0,0,0,0,0,0,0,0,0,0,0,0,0,0,0,0,0,0,0,0,0,0,0,0,0,0,0,0,0,0,0,0,0,0,0,0,0,0,2,0,0,0,0,0,0,0,0,0,0,0,0,0
1041,0,0,0,0,2,0,1,0,0,0,0,0,1,0,0,0,0,4,0,0,0,0,3,3,0,0,0,0,0,2,7,7,13,54,45,26,27,29,10,5,0,7,29,9,62,39,0,0,0,2,5,3,0,0,17,0,0,6,3,0,3,0,7,9,0,3,0,6,2,0,0,0,0,0,1,3,0,4,0,3,0,3,0,2,0,0,1,0,3,0,0,0,0,1,1,0,0,0,0,2,0,1
1043,5,0,0,4,0,0,0,0,1,0,0,0,0,0,0,0,1,1,1,0,2,2,0,0,1,0,0,2,0,2,11,1,0,0,0,2,4,0,0,2,0,2,0,0,0,0,3,0,5,0,3,0,0,3,0,0,4,2,0,0,3,2,1,0,2,1,1,0,0,0,3,0,1,0,0,0,0,3,3,0,0,1,0,0,4,3,0,6,0,0,0,0,0,2,6,0,5,5,1,0,0,0
1044,0,1,0,0,0,0,0,0,0,1,0,0,0,1,0,0,0,0,1,0,0,0,0,1,1,0,0,0,0,0,0,5,0,3,1,0,1,0,0,0,0,0,1,0,0,0,0,0,0,1,2,0,0,1,0,0,0,2,0,0,0,0,1,0,6,0,0,0,2,0,0,0,0,0,1,0,0,1,0,1,0,0,3,0,0,1,0,0,0,0,0,0,0,0,0,0,0,0,1,0,0,0
105,0,0,0,0,0,0,0,0,0,0,0,0,0,0,0,0,0,0,0,0,0,0,0,0,0,0,0,0,0,0,0,7,0,0,0,0,1,3,0,1,0,0,0,0,0,0,0,0,0,0,0,2,0,2,0,0,0,0,0,2,1,0,0,0,2,0,0,0,0,0,0,0,0,0,0,1,0,0,0,0,0,0,0,0,0,0,0,1,1,0,0,0,0,2,0,0,3,0,1,0,0,0
1053,3,0,0,0,1,0,0,0,0,0,0,1,0,0,1,2,0,1,0,0,0,0,0,1,3,0,1,0,0,0,1,1,0,8,0,0,3,7,116,17,0,1,0,1,0,2,2,2,0,0,0,1,0,0,0,3,0,2,1,0,0,1,5,0,5,1,0,0,0,0,0,2,4,30,2,0,0,1,17,10,0,0,7,2,1,0,0,41,44,3,6,0,2,0,0,0,1,0,0,8,11,0
1054,0,0,0,0,0,0,0,0,0,0,0,0,0,0,0,0,0,0,0,0,0,0,0,0,0,0,0,0,0,0,0,0,0,0,0,0,0,0,0,0,0,0,0,0,0,0,0,0,0,0,0,0,0,0,0,0,0,0,0,2,0,0,0,0,0,0,0,0,0,0,0,0,0,0,0,0,0,0,0,0,0,0,0,0,0,0,0,0,0,0,0,0,0,0,0,0,0,0,0,0,0,0
1056,0,0,0,0,3,0,0,0,0,0,0,0,0,0,0,0,0,1,0,0,0,0,0,0,0,0,0,0,0,0,0,3,3,4,5,0,0,1,0,0,2,0,0,1,0,0,0,9,0,0,2,0,0,0,2,0,3,2,0,0,3,0,0,0,3,0,0,0,0,0,0,0,0,0,2,0,0,0,1,1,0,0,0,0,0,0,0,0,0,0,0,2,4,10,7,1,3,0,0,4,4,3
106,0,0,0,0,0,0,0,0,0,0,0,0,0,0,0,0,0,0,0,0,0,0,0,0,0,1,2,0,5,0,0,0,0,0,0,2,2,0,0,0,0,1,0,0,0,1,0,0,0,0,0,0,0,0,0,0,0,0,0,0,0,0,0,0,1,1,0,0,0,0,0,0,0,0,0,0,0,0,0,0,0,2,1,0,1,0,0,0,0,1,0,0,0,0,2,0,0,0,0,0,0,0
107,0,0,0,0,0,0,0,0,0,0,0,0,0,0,0,0,0,0,0,0,0,0,0,0,0,0,0,0,0,0,0,0,0,0,0,0,0,0,1,0,0,0,0,0,1,0,0,0,0,0,0,0,0,0,0,0,0,0,0,1,0,0,0,3,0,0,2,0,0,0,0,0,0,0,0,0,0,0,0,0,0,0,0,0,0,0,0,0,0,0,0,0,0,0,2,0,0,0,0,0,0,0
110,27,16,13,11,15,13,64,20,1,7,11,6,37,29,27,42,21,82,111,81,41,31,46,43,37,3,7,0,68,82,150,443,280,232,222,194,224,202,207,150,131,94,183,153,87,115,83,33,21,0,57,59,64,49,5,0,34,65,60,86,139,58,67,103,131,87,80,208,55,17,56,11,74,30,8,0,11,28,53,44,26,13,0,2,0,48,78,8,19,9,0,32,26,65,77,56,15,0,8,56,49,27
111,73,34,32,38,29,16,63,37,14,49,69,51,68,59,130,143,104,172,145,70,146,106,33,75,78,78,21,12,70,74,162,685,462,447,171,212,329,243,354,172,114,45,220,169,198,130,91,30,2,31,73,87,121,77,40,0,109,120,89,86,170,121,392,317,207,117,73,166,46,57,80,13,168,222,168,66,23,75,144,68,24,25,0,5,27,89,44,178,114,23,0,49,120,106,115,115,75,7,17,7,53,74
112,34,31,31,33,21,13,47,20,3,21,43,37,107,90,90,74,103,85,80,37,29,58,61,29,28,44,31,1,52,74,175,433,263,337,268,302,251,291,225,149,122,57,234,249,152,75,75,14,7,4,40,47,113,94,22,0,28,88,97,75,146,213,128,184,206,116,43,134,30,0,45,29,92,109,266,199,129,253,386,207,170,97,30,17,18,49,34,43,105,27,67,115,176,96,107,39,35,0,56,50,71,33
1121,0,0,0,0,0,0,0,0,0,0,0,2,3,0,0,0,1,0,4,0,2,0,1,0,0,0,0,0,8,0,0,1,0,3,0,0,13,11,12,4,0,0,7,1,0,2,4,0,0,4,0,3,0,3,0,0,4,0,0,1,3,0,2,8,17,0,0,0,0,2,3,0,3,0,0,3,0,1,0,0,1,0,2,0,2,0,2,0,0,1,0,0,1,0,0,0,0,0,1,3,10,0
1122,0,0,0,0,1,0,0,0,0,0,0,0,0,0,0,0,4,0,1,0,2,0,0,0,0,0,0,0,0,0,1,2,0,0,1,1,0,0,0,0,0,0,1,0,0,0,0,0,0,0,0,0,0,0,0,0,0,0,0,1,4,0,3,0,0,0,0,4,2,7,2,0,1,0,1,0,0,0,2,0,0,0,0,0,0,4,0,3,0,0,0,0,2,0,0,0,0,0,0,0,0,0
1123,5,1,0,5,0,0,5,1,0,5,3,0,0,0,0,0,6,0,4,8,0,4,0,0,0,1,0,0,6,5,1,0,2,0,0,3,10,25,1,0,0,1,0,0,3,5,0,1,0,2,0,1,5,0,0,0,4,1,1,0,6,9,12,6,0,3,0,4,0,1,0,0,2,0,0,1,0,5,21,20,18,6,0,0,1,7,0,5,12,0,0,4,5,0,0,3,0,4,4,2,1,0
1124,0,1,0,0,0,0,0,0,0,0,0,0,1,1,0,1,0,1,0,0,1,0,2,0,2,8,0,0,2,0,6,2,1,0,0,0,4,5,0,15,5,0,2,3,2,3,0,0,0,0,2,0,6,2,0,1,0,0,0,4,6,5,3,0,0,0,1,2,1,0,0,4,0,4,0,0,0,2,10,0,2,0,1,0,0,0,2,7,6,5,1,0,3,8,0,7,0,2,0,0,2,0
113,0,0,0,0,0,1,0,2,0,0,0,2,0,3,2,1,0,0,0,0,0,0,0,0,0,3,0,0,1,1,7,10,11,3,0,0,19,12,10,2,0,0,0,0,2,5,0,2,0,4,0,2,0,1,0,0,3,0,1,1,0,0,2,2,3,4,0,0,0,2,0,1,2,3,2,0,0,2,11,6,1,0,0,1,0,1,0,0,1,0,1,0,3,2,0,0,0,1,0,1,0,0
114,18,5,3,8,5,0,11,6,0,9,16,30,0,1,0,14,9,13,8,2,1,0,34,4,7,0,4,2,6,18,33,30,35,10,4,11,23,36,18,0,14,0,18,12,10,21,0,9,1,2,0,0,13,5,0,7,14,27,9,11,10,6,18,39,22,15,8,2,2,0,10,2,12,4,23,31,12,7,10,7,10,0,0,13,4,2,4,0,1,0,0,7,18,4,0,0,15,11,10,23,12,4
115,0,0,0,0,0,0,0,0,0,0,0,0,0,0,0,3,0,0,1,0,1,0,0,0,0,0,0,0,1,0,1,0,1,0,0,0,0,0,0,0,0,0,0,0,1,0,0,0,0,1,1,0,0,1,0,0,0,4,0,0,0,2,0,1,0,1,0,0,0,0,0,0,0,1,0,0,0,0,0,0,1,0,0,0,0,0,0,0,0,0,2,1,0,2,0,0,0,0,1,0,0,0
116,0,1,0,0,0,0,0,0,0,0,0,0,0,0,0,0,0,0,0,0,0,0,0,0,0,0,0,0,0,0,0,0,0,0,0,0,0,0,0,0,0,0,0,0,0,0,0,0,0,0,0,0,0,0,0,0,0,0,0,0,0,0,0,0,0,0,0,0,0,0,0,0,0,0,0,0,0,0,0,0,0,0,0,0,0,0,0,0,0,0,0,0,0,0,0,0,0,0,0,0,0,0
120,33,50,41,47,69,40,20,10,2,59,99,88,95,96,98,144,149,218,195,94,58,85,44,65,37,48,10,3,50,98,191,521,327,442,435,336,282,320,362,317,266,246,634,356,316,207,181,137,67,44,169,95,133,56,17,17,130,179,154,107,190,308,302,340,380,169,175,198,30,24,78,2,51,36,0,0,0,68,139,56,47,87,31,23,51,64,56,70,99,44,0,47,128,118,166,86,82,9,0,88,102,43
121,0,0,0,0,0,0,0,0,0,0,0,0,0,0,0,0,0,0,2,0,0,0,0,0,0,0,0,0,0,0,0,0,0,0,0,0,1,0,0,0,0,0,0,5,5,5,2,0,0,0,0,0,0,0,0,0,0,0,0,0,0,0,0,0,0,0,0,0,0,0,0,0,0,0,0,0,0,0,0,0,0,0,0,0,0,0,0,0,0,0,0,0,0,0,0,0,0,0,0,0,0,0
1211,0,0,0,0,0,0,0,0,0,0,0,0,0,0,0,0,0,0,0,0,0,0,0,0,0,0,0,0,0,0,0,0,0,0,0,0,0,0,0,0,0,0,0,0,1,0,0,0,0,0,0,0,0,0,0,0,0,0,0,0,0,0,0,0,0,0,0,0,0,0,0,0,0,0,0,0,0,0,0,0,0,0,0,0,0,0,0,0,0,0,0,0,0,0,0,0,0,0,0,0,1,0
122,0,0,0,0,0,0,0,0,0,0,2,0,4,0,0,2,2,22,4,0,0,0,0,3,0,1,0,0,0,0,0,4,7,6,2,0,36,16,7,3,0,7,9,3,0,1,0,2,0,0,4,13,10,0,0,0,2,2,0,0,5,1,0,0,1,9,9,4,0,5,4,2,0,0,2,0,0,1,2,0,0,0,0,1,0,3,7,0,0,0,0,4,0,1,0,4,2,2,0,3,0,2
1222,0,0,0,0,0,0,0,0,0,0,0,0,0,0,0,0,0,0,0,0,0,0,0,0,0,0,0,0,0,0,0,0,0,0,0,0,0,0,5,0,0,0,0,0,0,0,0,0,0,0,0,0,0,0,0,0,0,0,0,0,0,0,0,0,0,0,0,0,0,2,4,0,0,0,0,0,0,0,0,0,0,0,0,0,0,0,0,0,0,0,0,0,2,0,0,0,0,0,0,0,0,0
123,0,1,0,0,0,0,0,0,0,0,1,27,19,7,3,0,7,28,26,0,0,0,26,0,0,0,0,0,0,4,3,15,0,7,0,0,2,1,0,2,0,0,7,1,0,4,0,0,0,0,3,1,0,0,0,0,0,0,0,0,10,0,2,0,0,3,0,1,0,0,0,0,0,0,0,0,0,0,0,0,0,0,0,0,0,4,4,0,0,0,0,0,0,5,3,1,0,0,0,1,0,0
1231,0,0,0,0,0,0,0,0,0,0,0,0,0,0,0,0,0,0,0,0,0,0,0,0,0,0,0,0,0,0,0,0,0,0,0,0,0,0,0,0,0,0,0,0,0,0,0,0,0,0,2,0,0,0,0,0,0,0,0,0,0,0,0,0,0,0,0,0,0,0,0,0,0,0,0,0,0,0,0,0,0,0,0,0,0,0,0,0,0,0,0,0,0,0,0,0,0,0,0,0,0,0
1233,0,0,0,0,0,0,0,0,0,0,2,0,0,0,0,0,0,0,0,0,0,0,0,0,0,0,0,0,0,0,2,0,0,2,0,0,3,0,0,0,0,0,0,0,0,0,1,0,0,0,0,0,0,0,0,0,0,0,0,0,0,0,0,0,0,0,0,1,0,0,0,0,0,0,0,0,0,1,1,0,0,0,0,0,0,0,0,0,0,0,0,0,0,0,0,0,1,0,2,0,0,0
124,0,0,0,7,2,0,0,1,0,0,0,2,0,0,0,1,5,0,0,2,0,1,7,0,0,4,4,0,2,0,7,4,14,7,18,2,10,0,7,3,0,8,7,6,4,0,4,1,1,1,0,3,0,1,0,1,4,5,4,0,9,9,1,8,7,5,7,0,1,2,0,4,8,4,4,0,4,5,0,0,0,3,0,0,6,13,6,6,0,1,0,10,4,3,5,1,0,0,0,0,0,2
1241,0,0,1,0,0,0,0,0,0,0,0,0,0,0,0,1,0,0,0,0,0,0,0,2,0,0,0,0,0,0,0,1,0,0,0,0,0,0,1,0,0,0,0,0,0,0,0,0,0,0,0,0,0,0,0,0,0,1,0,0,0,0,0,0,0,0,0,0,0,0,0,0,0,1,0,0,0,0,0,0,1,0,0,0,0,0,0,0,0,0,0,0,0,0,0,1,0,0,0,0,0,0
1243,0,0,0,0,0,0,0,0,0,0,0,0,2,0,0,0,0,0,0,0,0,0,0,0,2,0,0,0,0,0,0,0,0,0,0,1,0,8,2,2,0,0,0,0,0,0,0,0,0,0,0,1,0,2,0,0,0,0,0,0,0,0,5,1,0,0,2,2,0,0,0,0,0,0,3,1,0,1,0,4,0,0,0,0,0,0,0,3,3,4,0,0,0,0,0,0,0,0,0,3,0,1
1244,0,0,0,0,0,0,0,0,0,0,0,0,1,0,0,0,0,2,0,0,0,0,0,0,0,0,0,1,1,4,0,0,1,1,0,0,9,0,3,1,0,0,0,5,2,7,0,1,0,1,2,0,1,1,2,0,1,4,0,0,0,0,0,0,2,0,0,0,0,0,0,0,1,0,0,0,0,2,2,0,1,1,1,2,0,0,0,5,1,1,0,0,0,2,0,0,0,3,2,0,3,0
1246,0,0,0,0,0,0,0,0,0,0,0,0,0,0,0,0,0,0,2,0,0,0,2,0,1,0,0,0,0,1,1,3,3,7,0,2,0,6,0,0,0,0,0,2,0,0,1,0,0,0,0,3,0,0,0,0,0,0,0,1,0,0,0,0,0,0,2,0,0,0,0,0,0,0,0,0,0,0,2,4,0,0,0,0,1,0,0,0,0,1,0,0,2,7,26,12,0,0,0,1,4,6
125,4,0,2,0,0,1,0,2,0,2,0,0,7,1,3,3,2,8,1,0,2,0,0,4,19,12,4,0,3,0,18,33,23,57,18,18,15,28,43,13,8,13,40,33,0,34,4,0,0,4,15,6,0,7,3,0,2,5,0,7,10,3,6,19,10,16,20,8,2,0,11,10,6,4,0,6,7,6,6,4,0,0,4,2,15,9,15,2,17,12,4,2,3,0,1,7,7,0,0,0,6,2
126,0,0,0,0,0,0,0,0,0,0,0,0,0,0,0,0,0,0,0,0,0,0,0,0,0,0,0,0,0,0,0,0,0,0,0,0,1,0,0,7,3,0,0,0,0,0,0,2,0,0,1,0,0,0,0,0,0,0,0,0,0,0,0,0,0,0,0,0,0,0,0,0,0,0,0,0,0,0,0,0,0,0,0,0,0,0,0,0,0,0,0,0,0,0,0,0,0,0,0,0,0,0
127,1,0,0,2,1,0,0,0,0,0,0,0,2,3,2,3,0,4,11,2,0,0,0,1,2,1,0,0,9,8,5,13,1,26,11,19,0,9,6,0,0,1,30,7,6,6,4,0,1,0,3,13,0,2,0,0,1,0,13,0,1,5,3,0,6,10,36,44,5,0,4,0,0,6,4,0,1,1,0,0,0,4,0,0,2,4,0,0,0,0,4,3,1,1,3,8,0,0,2,3,2,19
128,4,0,0,1,0,3,1,0,0,0,2,1,0,2,1,5,0,4,9,4,2,0,4,0,0,0,0,5,1,0,7,37,18,26,12,11,8,0,1,8,8,0,18,6,14,10,7,3,0,9,6,7,5,3,1,0,6,1,0,1,26,51,22,4,0,8,7,21,4,2,36,8,6,0,0,15,2,7,17,13,0,4,0,1,2,4,0,13,9,6,4,6,3,8,2,0,0,0,1,9,71,10
129,1,0,0,0,1,0,0,0,0,0,0,1,0,2,0,0,3,0,1,1,0,0,0,0,0,0,2,1,0,0,1,9,12,39,16,13,6,0,0,3,0,0,34,34,21,10,5,4,0,4,8,2,2,0,0,5,14,0,0,0,6,0,0,23,12,49,283,316,56,20,12,0,2,0,2,6,0,4,3,5,0,2,0,1,5,1,5,0,2,9,1,5,0,0,0,2,2,1,0,4,0,0
130,11,1,15,14,10,8,17,14,2,7,27,9,23,9,14,36,125,95,58,44,33,18,32,12,3,6,0,0,21,39,105,425,266,269,238,179,224,287,271,192,117,84,166,95,131,133,83,36,11,24,68,136,105,34,22,15,99,149,98,87,170,197,156,172,135,140,54,73,22,89,124,11,32,43,4,0,0,2,58,32,10,18,0,0,29,76,82,69,62,43,12,85,71,93,79,154,124,27,2,90,100,14
131,0,0,0,0,3,2,0,0,0,1,0,0,2,1,1,0,7,1,0,0,0,0,0,1,0,0,0,0,1,0,1,8,15,1,2,2,0,7,3,0,0,2,13,8,0,4,6,0,0,0,0,4,5,2,0,0,7,0,0,0,0,1,0,4,0,0,0,3,0,0,1,1,4,16,0,0,0,3,0,0,4,6,3,0,0,1,1,0,3,0,0,0,8,1,3,2,5,0,0,2,0,0
1311,0,0,0,0,0,0,0,0,0,0,0,0,0,0,0,0,0,0,0,0,0,0,0,0,0,0,0,0,0,0,0,0,0,0,0,0,0,0,0,0,0,0,0,0,0,1,0,0,0,0,2,0,0,0,0,0,0,0,2,0,0,1,0,0,0,0,0,0,0,0,0,1,0,0,0,0,0,0,0,0,0,0,0,0,0,0,0,0,0,0,0,0,0,0,0,0,0,0,0,0,0,0
1312,1,0,0,1,2,0,0,0,0,0,0,0,1,0,0,2,0,3,1,0,0,0,16,12,9,0,0,1,0,0,0,9,1,0,0,31,34,10,21,8,8,2,4,13,3,16,0,6,0,0,0,3,1,0,0,0,0,3,0,5,0,0,1,8,9,7,0,0,0,0,5,5,12,25,20,1,0,0,1,8,0,3,0,0,4,4,4,0,4,5,0,2,1,0,12,8,4,0,0,1,2,0
1313,0,0,0,0,0,0,0,0,0,0,0,0,0,0,0,0,0,1,0,0,0,0,0,0,0,0,0,0,0,0,0,0,6,5,0,0,0,0,0,0,0,0,0,0,0,0,0,0,0,0,0,0,0,0,0,0,0,0,0,0,0,0,0,0,0,0,0,0,0,0,0,1,0,0,0,1,0,0,0,0,0,0,0,0,0,0,0,0,2,0,0,0,1,0,2,0,0,0,0,0,0,0
132,0,0,0,0,0,0,0,0,0,0,0,0,0,0,0,0,3,0,0,0,0,0,0,0,0,0,0,0,0,0,0,0,0,0,0,0,0,0,0,0,0,0,0,0,0,0,0,0,0,0,0,0,0,0,0,0,0,0,0,0,0,0,0,0,0,0,0,0,0,0,0,0,0,0,0,0,0,0,0,0,0,0,0,0,0,0,0,0,0,0,0,0,0,0,0,0,0,0,0,0,0,0
133,0,0,0,0,0,0,0,0,1,0,0,0,0,0,0,2,0,1,0,0,0,0,0,3,0,4,0,0,3,6,12,2,0,7,2,0,0,4,14,9,0,0,4,0,1,0,0,1,0,0,4,1,0,0,0,2,0,3,0,2,0,4,4,0,0,4,0,0,0,3,9,2,5,0,0,3,2,0,4,14,4,0,0,0,0,0,1,2,0,0,0,0,0,0,5,0,2,0,4,4,0,0
134,0,0,0,0,0,0,1,0,0,0,0,1,0,0,0,0,0,0,0,0,0,0,0,0,0,0,0,0,0,0,0,4,0,1,0,0,1,0,2,0,0,0,0,1,0,0,0,2,0,0,0,2,0,0,0,1,0,0,0,0,0,2,0,0,3,0,0,1,0,0,0,0,0,0,0,0,1,0,0,0,0,0,0,0,0,0,0,2,0,0,0,0,0,0,0,2,0,1,0,0,0,0
136,0,0,0,0,0,0,0,0,0,0,0,0,0,0,0,0,0,0,0,0,0,2,0,0,0,0,0,0,0,0,0,2,4,0,0,1,0,0,0,0,0,0,0,0,0,0,0,0,0,0,0,0,0,0,0,0,0,0,0,0,0,0,0,0,0,0,0,0,0,0,0,0,0,0,0,0,0,0,0,0,0,0,0,0,0,0,0,0,0,1,0,0,0,0,0,0,0,0,0,0,0,0
137,0,0,3,0,0,0,0,0,0,0,0,0,0,0,2,0,0,0,1,0,0,0,0,0,0,0,0,0,0,0,2,0,0,0,0,0,0,0,0,0,0,0,4,2,0,1,0,0,0,1,0,0,0,0,0,0,0,0,0,0,0,0,2,0,0,1,0,2,0,0,8,1,0,1,0,0,1,0,1,0,0,0,0,0,0,3,0,1,0,0,3,0,0,1,0,0,0,0,0,0,0,0
138,0,1,3,0,0,7,124,79,27,3,11,1,0,10,0,4,19,9,11,4,0,0,9,7,1,7,0,0,10,7,34,44,47,58,40,43,35,48,29,23,0,40,83,25,21,30,18,10,2,0,6,35,44,13,16,0,4,38,15,10,15,24,26,56,25,54,15,33,20,4,6,0,32,1,3,0,3,9,39,13,8,7,4,0,1,5,8,4,49,0,0,0,7,0,15,10,6,0,0,8,3,11
1382,0,0,0,0,0,0,0,0,0,0,0,0,0,0,0,0,0,0,0,0,0,0,0,0,0,0,0,0,0,0,0,0,0,0,0,0,1,0,0,0,0,0,0,0,0,0,0,0,0,0,0,0,0,0,0,0,0,0,0,0,1,0,0,0,0,0,0,0,0,0,0,0,0,0,0,0,0,0,0,0,0,0,0,0,0,0,0,0,0,2,0,0,0,0,0,0,0,0,0,0,0,0
1383,0,0,0,0,0,0,0,0,0,0,0,0,0,0,0,0,1,0,1,5,0,0,0,0,0,0,0,0,0,0,0,0,0,0,0,1,0,1,1,1,0,0,0,0,0,0,2,0,0,0,0,0,1,0,0,0,0,0,0,1,0,0,0,0,0,0,0,1,0,0,0,0,1,0,0,0,0,0,0,0,0,0,0,0,0,0,0,0,0,0,0,0,0,0,0,0,0,0,0,0,0,0
1384,1,0,1,1,0,1,5,0,0,0,0,4,0,1,0,5,3,2,0,0,1,0,0,4,5,2,0,0,2,2,3,29,9,0,3,19,31,20,13,7,3,18,23,36,10,24,0,8,0,6,17,9,4,3,6,0,0,0,8,6,44,46,16,7,12,16,0,20,0,0,1,1,5,3,0,0,0,0,8,0,5,7,2,3,0,5,0,0,1,3,0,0,2,45,22,24,2,0,0,3,5,8
1385,0,0,0,0,0,0,0,0,0,0,0,0,0,0,0,0,0,0,0,0,0,0,0,0,0,0,0,0,0,0,0,0,0,0,0,0,0,0,0,0,0,0,0,0,0,0,0,0,0,0,0,0,0,0,0,0,0,0,0,0,0,0,0,0,0,0,0,0,0,0,0,0,0,0,1,0,0,0,0,0,0,0,0,0,0,0,0,0,0,0,0,0,0,0,0,0,0,0,0,0,0,0
139,0,0,0,0,2,0,0,0,0,0,0,1,2,0,0,0,12,2,1,2,0,0,0,0,1,0,0,0,1,0,58,131,65,118,112,52,19,6,15,6,0,14,18,0,0,6,11,6,0,0,32,33,5,4,3,1,0,6,5,23,0,28,35,11,0,3,0,2,0,0,2,0,8,18,7,1,0,0,22,12,12,13,0,0,2,0,4,0,0,5,0,5,2,0,0,3,1,0,0,1,0,0
140,0,0,0,0,0,2,1,0,0,0,0,2,0,1,0,0,51,21,9,1,2,0,7,3,0,0,0,0,7,16,43,54,23,6,8,0,4,16,19,0,7,20,24,11,4,9,0,0,4,2,14,3,1,0,0,0,2,1,0,1,0,63,36,9,5,3,2,0,0,3,4,0,2,0,0,2,6,7,5,0,1,0,0,0,0,0,1,0,0,1,0,0,0,0,1,3,8,16,3,1,0,0
141,9,2,7,7,20,4,17,10,0,4,13,25,19,23,26,34,80,154,110,51,23,22,25,8,8,0,0,5,86,148,439,637,263,187,127,175,137,226,239,105,203,176,156,105,65,59,17,0,1,15,74,45,8,0,0,0,22,32,21,19,60,100,131,64,73,63,31,36,9,19,103,22,21,24,25,71,50,31,99,44,19,9,10,27,5,12,14,28,17,0,16,8,3,17,59,32,61,92,80,39,18,1
1411,0,0,0,0,0,0,0,0,0,0,0,0,0,1,0,0,0,0,0,0,0,0,0,0,0,0,3,0,3,0,4,14,9,0,2,0,11,6,6,7,7,0,12,0,0,0,2,0,0,0,5,1,1,0,0,1,2,5,0,0,1,0,0,2,0,0,0,0,0,2,4,5,0,3,0,0,0,0,0,0,0,0,0,0,0,0,0,0,0,0,0,0,0,1,0,0,4,0,0,3,0,0
1412,0,0,0,0,0,0,0,0,0,0,0,0,0,0,0,0,0,0,0,0,0,0,0,0,0,0,0,0,0,0,0,0,0,0,0,0,0,0,0,0,0,0,0,0,0,0,0,0,0,0,0,0,0,0,0,0,0,0,0,0,0,0,0,0,0,0,0,0,0,0,1,0,0,0,0,0,0,0,0,0,0,0,0,0,0,0,0,0,0,0,0,0,0,0,0,0,0,0,0,0,0,0
1413,0,0,0,0,0,0,0,0,0,0,0,0,0,0,0,0,0,0,0,0,0,0,0,0,0,0,0,0,0,0,0,0,0,0,0,0,0,0,0,0,0,0,0,0,0,0,0,0,0,0,2,0,0,0,0,0,0,0,0,0,0,0,0,0,0,0,0,0,0,0,0,0,0,0,0,0,0,0,0,0,0,0,0,0,0,0,0,0,0,0,0,0,0,0,0,0,0,0,0,0,0,0
142,0,0,1,0,1,0,0,0,0,0,0,0,0,0,0,0,0,0,0,0,0,1,0,0,0,0,0,0,0,0,3,0,0,0,2,0,0,0,0,0,3,0,2,3,6,0,0,3,0,2,0,0,0,0,1,0,0,0,0,0,0,0,0,0,0,0,1,1,0,0,0,0,2,0,0,0,0,0,0,0,0,1,2,4,0,0,0,0,0,0,0,0,0,0,0,0,0,0,0,0,0,0
143,0,0,5,2,0,0,2,0,0,0,4,3,2,0,0,0,0,4,4,5,0,0,0,1,0,0,0,0,0,4,2,9,3,4,0,21,8,9,0,4,7,0,2,0,2,0,10,0,0,7,1,2,0,2,0,1,2,5,5,3,0,0,0,1,3,7,2,4,0,0,0,1,6,7,0,0,2,0,2,4,0,31,14,9,9,6,0,2,0,0,0,0,8,1,3,0,2,0,1,0,2,2
144,0,0,0,0,0,0,0,0,0,0,0,0,0,0,0,0,0,0,0,0,0,0,0,1,0,0,0,0,0,1,0,2,4,0,0,0,0,0,0,0,0,0,0,0,38,49,16,13,4,0,0,0,2,0,2,2,4,11,4,12,6,57,33,36,12,6,0,2,0,0,15,1,0,0,0,0,0,1,0,0,3,0,0,0,0,0,0,0,0,0,2,13,1,4,8,4,0,0,0,0,0,7
145,0,0,0,0,0,1,0,1,0,0,1,0,0,0,3,21,18,0,0,1,0,1,1,0,1,0,4,0,4,5,55,44,14,21,5,29,37,4,4,10,0,2,6,7,0,23,3,2,0,2,5,0,0,2,3,0,1,8,0,0,1,41,45,23,3,2,4,0,0,0,0,1,1,0,1,11,1,49,59,55,57,21,0,1,0,11,2,4,0,0,7,7,6,2,2,3,0,2,0,4,2,0
150,6,2,11,1,24,0,0,0,0,2,3,31,7,0,1,0,0,0,7,2,1,4,3,0,0,2,0,0,0,1,2,9,19,26,42,59,34,17,7,17,11,7,24,12,0,3,0,0,17,67,30,9,2,0,3,0,7,11,1,8,7,14,3,0,10,0,0,0,5,1,8,0,6,5,0,0,0,5,6,1,18,5,8,13,0,5,0,2,0,2,22,46,14,14,11,10,0,1,0,0,1,3
151,0,0,0,0,0,0,0,0,0,0,0,0,0,0,0,4,0,0,0,0,0,0,0,0,0,0,0,0,0,0,1,1,0,0,0,13,1,0,0,5,1,0,0,3,2,0,0,3,0,0,0,3,0,0,0,0,3,0,0,0,0,0,2,0,0,0,4,0,0,0,1,0,0,0,0,2,0,0,0,0,0,0,0,0,0,0,0,3,0,0,0,0,0,0,0,0,0,0,0,0,0,0
152,0,0,0,0,0,1,0,0,0,0,1,0,0,0,0,0,0,0,0,0,0,0,1,0,0,0,0,0,0,0,0,1,0,2,0,4,0,0,2,0,0,0,3,0,5,0,1,0,1,0,0,1,0,0,2,0,0,0,6,0,0,4,1,0,0,0,4,0,0,0,5,0,0,0,0,1,1,0,1,0,0,0,2,0,0,0,0,0,1,0,4,0,2,1,0,0,0,0,0,0,0,12
153,0,0,0,0,1,0,0,0,0,0,0,3,0,0,0,0,2,22,4,0,2,0,0,0,0,0,2,0,1,0,0,3,3,0,1,0,0,1,0,0,2,0,0,0,3,3,0,0,0,0,2,1,0,0,4,0,0,0,0,0,0,0,8,14,2,0,0,1,0,2,0,0,0,0,1,0,0,0,0,0,0,0,0,0,0,3,0,0,0,0,0,0,0,2,0,0,0,0,0,0,0,1
154,0,0,4,5,0,2,0,0,0,1,0,5,2,0,1,8,0,7,0,0,0,5,6,3,1,0,0,0,6,0,10,10,14,9,0,5,26,28,10,6,11,15,26,7,11,0,0,0,1,19,14,9,5,14,16,0,7,16,23,12,48,79,33,22,22,26,6,7,0,8,37,25,0,3,6,6,5,6,5,3,0,8,0,0,4,0,2,0,6,5,1,16,30,37,30,19,10,0,0,13,11,11
160,14,3,2,7,7,3,5,7,6,10,8,8,19,1,5,20,3,25,39,25,8,0,12,7,2,0,4,0,8,11,23,93,42,77,32,44,148,144,73,50,22,9,19,11,42,50,30,11,0,0,8,16,0,2,0,0,32,27,49,113,122,140,75,142,132,41,18,85,30,6,13,0,24,28,13,0,3,65,57,32,18,153,78,3,17,14,0,0,54,25,2,12,40,31,57,149,7,2,0,4,12,0
161,8,5,1,1,18,2,2,0,0,7,13,20,13,0,2,5,13,180,167,74,26,15,23,11,2,1,0,4,1,18,130,481,355,184,200,98,82,34,32,0,0,0,20,34,4,6,0,0,0,11,32,13,10,3,4,0,34,16,5,9,21,167,175,80,25,23,10,25,0,0,11,2,50,56,11,0,0,10,283,116,45,55,0,0,21,18,15,19,11,33,22,7,4,1,4,0,4,0,8,0,18,4
162,0,0,0,0,0,1,0,3,0,0,0,1,0,1,0,0,0,3,0,0,0,0,0,0,0,0,0,0,0,0,1,0,8,3,0,0,5,5,0,4,0,1,7,5,8,16,1,0,6,3,1,2,0,0,2,2,2,1,4,4,10,24,38,16,0,6,0,4,0,0,8,0,0,0,7,0,4,12,7,2,0,0,0,1,1,0,2,0,0,3,0,5,4,9,1,0,7,0,0,5,1,0
1621,0,0,0,0,0,0,0,0,0,0,0,0,0,0,0,0,0,0,0,3,0,1,0,0,0,0,0,0,0,0,0,0,0,0,2,0,2,3,0,0,1,0,0,0,1,0,0,0,0,0,0,0,0,0,0,0,0,0,0,0,2,1,0,1,0,0,0,0,0,0,0,0,0,0,0,0,1,1,0,0,0,0,0,0,0,1,0,0,0,0,0,0,3,2,0,2,0,0,0,0,1,0
1622,0,0,0,0,0,0,0,0,0,0,0,0,0,0,0,0,0,0,2,0,0,0,0,0,0,0,0,0,0,0,0,2,0,0,0,1,14,5,0,0,0,0,0,1,0,1,0,0,0,0,0,0,0,0,0,0,0,0,0,0,0,0,0,0,1,0,0,2,1,0,0,0,0,0,0,0,0,0,0,0,0,0,0,0,0,0,0,0,0,0,1,0,0,0,0,0,0,0,0,0,0,0
1623,0,0,0,0,0,0,0,0,0,0,0,0,0,0,0,0,0,0,0,0,0,0,0,0,0,0,0,0,0,0,0,0,0,0,0,0,3,0,1,1,0,0,0,0,3,0,0,0,0,0,0,2,0,0,0,0,2,0,0,0,0,2,3,1,0,0,0,2,0,2,2,0,0,0,0,0,2,0,0,0,0,0,0,0,0,0,0,0,0,0,0,0,2,0,1,0,0,0,0,0,0,0
163,3,1,3,2,6,0,7,7,0,12,7,0,7,15,20,62,34,40,25,1,6,1,9,13,12,1,0,8,0,0,56,115,68,60,39,169,552,305,168,152,60,38,102,86,80,68,52,17,17,47,13,33,12,52,61,16,12,1,6,0,15,1,14,224,221,112,36,120,85,17,35,17,39,30,36,30,0,74,106,70,43,51,0,2,14,109,46,11,81,109,11,0,19,0,27,26,8,0,28,9,30,0
164,0,1,0,0,0,0,0,3,2,0,0,9,0,2,0,4,0,5,0,0,5,0,1,0,1,6,1,0,3,0,4,4,3,11,22,0,1,2,13,0,4,0,6,2,0,3,0,0,0,2,4,1,0,2,3,1,0,0,0,0,2,5,22,13,20,7,12,0,2,0,1,0,2,0,0,4,2,11,0,0,15,7,3,0,11,10,22,0,17,25,3,0,11,3,6,4,0,1,1,0,4,3
166,1,0,0,0,0,1,0,0,0,0,0,0,0,0,0,0,0,0,0,0,0,1,0,0,0,0,0,0,0,0,0,0,34,12,3,1,0,1,0,0,0,0,0,0,0,0,0,0,0,0,0,0,3,0,0,0,0,0,2,0,0,1,0,1,0,0,0,0,0,0,0,0,0,0,0,0,0,0,17,1,0,2,0,0,1,0,0,0,0,0,0,0,0,0,1,0,0,0,0,0,0,0
1662,0,0,0,0,0,0,0,0,0,0,0,0,0,0,0,0,0,2,0,0,0,0,0,0,0,0,0,0,0,0,0,0,0,0,0,0,0,0,0,0,0,0,0,0,0,0,0,0,0,0,0,0,0,0,0,0,0,0,0,0,0,0,0,0,0,3,0,0,0,0,0,0,0,0,0,0,0,0,0,0,0,0,0,0,0,0,0,0,0,0,0,0,0,0,1,0,0,0,0,0,0,0
170,0,0,0,0,0,3,1,0,0,0,0,0,1,0,1,0,0,0,2,0,0,2,1,0,0,0,0,1,2,1,2,6,0,3,1,1,11,4,0,13,5,9,6,2,0,4,3,1,0,6,0,1,0,0,0,0,1,0,1,0,0,8,2,6,6,0,0,0,0,0,3,4,4,8,0,1,0,0,3,0,0,0,0,2,3,0,0,2,0,2,0,0,0,0,0,0,5,1,0,0,0,0
171,1,0,0,0,1,1,0,1,0,0,0,0,0,0,0,0,0,0,0,0,0,2,0,0,0,0,0,1,4,5,2,0,5,0,0,0,1,0,2,2,0,1,0,1,0,0,4,0,0,0,0,0,0,0,1,0,0,0,2,0,3,3,0,0,0,1,0,0,2,0,1,0,0,0,1,1,0,0,2,0,1,0,0,0,1,0,0,14,12,5,2,0,0,1,1,1,0,0,2,2,0,0
1711,33,25,19,20,6,1,0,0,0,0,0,8,0,1,0,2,1,2,0,1,0,0,0,0,7,3,0,1,12,1,6,12,3,0,1,4,38,9,13,1,0,0,0,8,12,5,0,5,0,0,7,2,13,0,1,0,7,6,0,1,0,0,2,7,22,13,1,0,0,3,10,6,8,2,7,0,1,0,20,6,0,4,0,0,0,4,5,4,1,2,3,0,17,0,4,0,2,0,0,1,3,0
1712,0,0,2,0,3,0,1,0,1,0,1,5,0,0,2,0,2,1,0,0,4,4,1,0,0,0,0,1,8,16,18,9,0,1,0,0,0,2,9,0,2,0,1,0,4,4,7,0,0,2,5,0,0,0,0,6,0,8,2,0,5,52,70,20,6,6,11,0,0,0,0,0,4,1,0,3,3,6,6,2,3,0,2,0,0,0,2,1,4,0,0,5,1,1,0,0,1,3,0,8,5,0
172,9,0,3,15,9,11,1,1,7,0,0,4,15,0,12,44,40,45,43,9,2,0,7,3,4,3,0,0,4,1,0,52,50,36,3,28,145,350,123,54,20,0,27,8,53,48,42,26,24,14,7,12,0,14,0,1,52,45,83,223,317,404,177,87,46,49,47,28,0,46,89,43,26,18,0,1,0,35,43,20,17,23,0,8,29,16,26,10,21,44,0,4,22,3,119,133,44,0,6,23,64,4
1721,1,0,1,0,2,0,0,0,0,1,0,0,0,0,0,1,0,4,3,0,0,3,0,1,2,0,1,0,4,0,11,24,26,23,22,12,10,7,0,0,3,5,1,10,4,2,0,0,0,0,2,8,0,0,0,4,2,17,34,33,69,137,77,28,11,0,0,5,6,7,7,0,3,0,5,10,4,0,0,0,0,1,0,1,1,1,0,6,0,0,0,2,5,0,4,1,0,0,1,7,0,2
1722,0,0,0,0,0,0,0,0,0,0,0,0,0,0,0,2,0,0,0,0,0,0,0,0,0,0,0,0,0,0,0,1,0,0,0,0,0,0,0,0,0,0,1,1,0,1,0,0,0,0,0,0,0,0,0,0,0,0,1,0,0,0,0,0,0,0,0,0,0,0,0,0,0,0,0,0,0,0,0,0,0,0,0,0,0,0,0,0,0,2,0,0,0,0,0,0,0,0,0,0,0,0
1723,0,0,0,1,0,0,0,1,0,0,0,0,1,0,0,1,0,0,0,0,0,0,0,0,0,0,1,0,0,0,1,0,4,7,0,0,1,0,0,1,1,0,0,0,1,0,0,0,2,0,0,0,0,1,0,0,0,0,1,0,14,3,0,6,0,2,0,0,0,0,0,0,0,0,0,4,0,0,0,0,0,0,0,0,3,0,0,2,0,0,0,0,0,0,0,0,0,0,0,3,2,0
1724,0,0,0,0,0,0,0,1,0,0,0,0,0,0,0,0,0,0,0,0,0,0,0,0,1,0,0,0,0,0,0,0,1,0,0,0,0,0,2,0,1,0,0,2,0,0,0,0,0,0,0,2,4,0,0,0,3,0,0,0,0,0,3,0,0,0,0,0,0,0,0,0,0,1,0,0,7,33,20,0,4,0,0,0,1,0,0,0,0,0,0,0,0,1,0,0,0,0,0,0,0,3
173,34,26,18,36,28,15,89,31,9,20,34,25,6,18,27,46,44,30,15,16,120,113,28,34,21,26,4,0,140,153,95,152,101,122,56,80,154,298,690,154,58,7,66,92,18,21,20,0,0,50,50,26,46,48,0,0,21,29,63,34,40,47,36,77,245,92,45,58,16,8,112,84,146,252,86,37,0,3,139,69,53,18,22,8,28,30,27,169,173,76,71,33,56,0,57,16,0,18,0,100,101,31
174,2,0,0,0,1,3,0,0,2,1,0,0,10,0,3,6,4,4,4,1,0,2,2,2,0,1,0,1,2,3,22,130,207,85,59,32,20,36,26,0,2,2,0,0,6,1,7,0,0,7,0,1,4,1,5,0,14,9,1,5,9,52,37,26,50,10,0,25,0,0,1,11,126,113,36,4,0,0,93,63,27,19,0,0,13,11,4,0,0,1,0,3,4,7,12,0,2,0,4,0,7,0
175,0,0,0,0,0,0,0,0,2,0,0,0,0,0,2,0,4,0,5,0,9,4,0,0,2,0,0,0,16,22,37,63,33,22,11,15,18,77,192,19,4,1,0,0,7,1,1,0,0,6,0,0,0,0,0,3,1,0,0,2,17,107,114,73,47,20,13,0,4,0,3,3,69,39,10,6,0,5,55,31,0,8,3,0,9,0,0,4,0,1,0,6,0,1,0,5,9,9,6,0,0,2
180,2,0,1,0,7,3,12,6,0,0,8,0,3,2,0,4,3,8,6,0,7,5,4,0,2,10,4,0,37,32,52,35,40,22,14,18,22,11,18,11,0,0,16,19,7,5,32,4,0,10,0,18,29,5,0,6,20,13,2,21,15,93,118,79,25,31,20,30,5,2,6,0,0,0,4,8,5,54,29,28,3,14,0,1,8,0,9,23,28,3,9,0,12,0,10,2,0,0,8,1,11,8
181,1,0,0,4,0,2,0,3,0,0,25,9,0,0,0,13,0,2,0,0,2,8,0,1,2,8,0,1,11,7,0,3,0,4,0,10,8,13,7,13,0,3,5,11,5,3,4,0,1,1,0,1,4,4,1,0,6,4,0,4,9,6,2,3,8,29,0,3,0,12,15,2,1,9,0,0,1,0,4,0,1,0,3,4,6,6,3,17,6,0,0,2,0,3,5,0,0,0,4,15,15,11
182,7,0,1,1,0,1,0,0,0,0,5,3,2,0,1,2,0,0,0,2,0,0,0,0,1,0,2,2,13,6,2,0,4,0,0,0,0,2,0,0,0,2,1,1,0,1,0,0,0,0,0,1,5,0,1,2,0,1,0,0,45,95,116,60,12,13,14,0,0,9,0,0,4,0,2,0,1,1,3,1,11,0,0,0,6,3,4,2,0,0,0,4,0,9,7,0,5,1,6,0,0,0
1821,0,0,0,0,0,0,0,0,0,0,0,0,0,0,0,0,0,0,2,0,1,0,2,0,0,0,3,0,2,2,1,3,0,0,0,0,3,0,4,2,0,0,0,0,7,0,0,0,0,0,0,0,0,0,0,0,1,0,0,0,2,0,7,1,0,2,0,0,0,2,0,0,0,0,9,7,0,0,1,0,1,0,1,5,0,0,0,0,6,0,0,1,0,1,0,0,0,0,0,0,1,0
1822,1,0,2,0,2,0,0,0,1,2,0,0,1,0,0,0,35,12,2,0,1,1,3,0,0,1,0,0,2,3,1,3,11,0,4,9,6,2,5,0,2,0,5,17,9,5,2,0,5,5,0,3,4,14,9,0,5,2,5,4,4,0,0,7,12,0,2,4,1,1,0,0,0,2,1,0,0,3,7,11,14,0,0,1,0,8,13,46,18,11,0,16,7,2,2,0,5,0,9,0,2,0
1823,0,0,0,0,0,0,0,0,0,0,0,0,0,0,0,0,0,0,0,0,0,0,0,0,0,0,0,0,0,3,0,0,0,0,0,1,0,0,0,0,2,0,0,1,0,0,0,0,0,0,0,0,0,0,0,0,0,0,1,2,0,1,0,0,0,0,0,0,0,0,0,2,1,0,0,2,0,0,0,0,0,0,0,0,0,0,0,0,0,0,1,0,1,0,0,0,0,0,0,0,0,0
183,0,0,0,0,0,0,0,0,0,0,0,5,3,0,0,0,2,0,2,0,0,0,0,0,0,2,0,0,0,1,1,3,0,0,4,1,0,4,0,2,0,0,0,0,0,2,0,3,0,0,0,1,0,0,0,0,0,2,0,1,2,1,0,0,3,0,1,0,0,2,0,0,0,0,0,2,0,5,0,0,0,0,0,1,0,0,1,0,0,0,0,0,0,1,0,0,0,0,1,0,1,0
1831,0,0,0,0,0,0,0,0,0,0,0,0,0,0,0,0,0,0,0,0,0,0,0,0,0,0,0,0,0,0,0,0,0,0,0,0,0,0,0,0,0,0,0,0,0,0,0,0,0,0,1,0,0,0,0,0,0,0,0,0,0,0,0,4,0,0,0,0,0,0,0,0,0,0,0,0,0,0,1,0,0,0,0,0,0,0,0,0,0,0,0,0,0,0,0,0,0,0,0,0,0,0
1832,0,0,0,0,0,0,0,0,0,0,0,0,0,0,0,0,0,0,0,0,0,0,0,0,0,1,0,0,0,0,0,0,0,5,0,0,0,1,0,0,0,0,0,0,0,1,0,0,0,0,0,0,5,1,0,0,0,0,0,0,0,1,0,0,0,0,1,0,0,0,0,0,0,0,0,0,0,0,0,0,0,1,0,0,1,0,0,0,2,0,0,0,2,0,0,0,0,0,0,0,0,0
185,0,0,0,0,0,0,4,4,2,0,0,0,0,0,1,1,4,0,3,0,3,0,0,1,0,2,0,0,0,0,3,0,2,3,0,0,1,2,1,1,0,1,1,0,2,14,4,0,0,0,0,2,0,3,0,0,0,0,0,0,0,3,0,2,0,0,0,0,0,0,0,0,0,0,0,0,0,0,0,0,0,6,3,2,0,3,1,0,4,0,1,0,0,0,0,2,0,0,3,1,0,4
186,0,0,3,2,0,6,59,43,4,15,8,0,1,0,0,2,14,5,0,0,0,7,5,4,1,2,0,0,0,0,8,17,2,0,3,5,3,48,22,21,0,1,1,1,0,0,6,2,0,0,1,0,0,7,0,0,5,16,3,8,3,0,1,13,5,4,0,4,8,0,1,0,4,6,2,1,0,0,3,2,0,13,0,2,8,8,4,0,21,3,43,10,0,0,0,0,0,1,2,19,8,0
190,50,21,35,78,65,20,56,53,17,34,39,27,46,25,47,53,68,33,77,23,24,13,37,20,4,65,25,10,125,133,193,362,207,169,134,188,165,182,147,87,46,49,88,75,82,75,69,28,0,32,50,49,39,32,15,0,52,74,91,90,429,614,805,593,318,256,173,222,73,68,80,25,53,90,0,9,0,58,55,31,21,51,0,5,33,28,23,116,86,0,13,15,37,47,71,75,52,0,28,30,42,46
191,0,0,0,2,0,0,0,3,2,2,0,1,0,0,0,0,2,6,0,0,1,2,0,1,0,0,0,0,7,5,1,0,0,0,2,1,3,1,5,0,0,2,0,0,15,17,1,0,1,3,5,1,0,3,3,0,20,0,0,18,75,59,54,9,8,2,0,4,0,0,4,2,3,0,0,2,0,4,0,2,0,0,0,1,0,1,2,4,0,0,0,2,0,1,0,0,0,1,0,2,2,2
192,6,0,3,4,6,4,5,6,0,1,0,13,0,4,12,11,14,5,5,1,1,4,0,0,8,9,0,2,9,15,6,56,26,27,18,41,79,74,27,23,11,6,15,31,36,21,27,0,0,13,6,0,29,14,2,2,13,9,46,43,68,133,92,81,72,42,52,56,12,14,19,2,5,2,23,0,0,16,2,3,6,0,0,1,55,178,45,20,8,4,1,8,0,0,7,21,0,0,12,14,46,21
193,9,2,6,7,6,0,2,2,0,7,6,8,5,2,2,6,5,0,1,0,3,1,8,0,13,0,8,1,16,29,42,92,38,20,29,35,31,27,36,21,15,6,16,2,13,0,3,0,2,8,0,23,14,12,0,0,10,11,22,10,205,232,184,112,74,59,41,23,0,7,0,0,15,28,4,2,7,16,8,0,6,12,0,0,15,0,5,9,6,8,0,0,1,6,11,5,0,1,36,13,21,20
194,0,0,0,0,0,0,4,2,0,0,0,0,3,8,1,3,0,0,0,0,0,0,0,0,7,11,6,0,4,0,2,0,3,0,3,1,1,0,0,1,0,0,0,2,1,0,0,0,2,0,0,1,0,0,1,0,1,0,3,0,1,31,14,8,0,0,0,0,1,2,1,0,0,0,0,1,0,0,0,0,6,8,0,1,0,0,4,0,0,0,0,9,0,4,1,0,0,0,0,0,0,1
195,1,1,6,2,1,0,0,0,0,0,2,0,1,0,0,0,9,0,0,0,0,0,1,0,0,0,0,1,2,0,0,6,2,1,0,4,1,1,0,4,1,0,1,0,0,11,0,0,3,3,0,3,0,13,2,0,0,1,0,0,0,3,5,1,6,0,2,5,4,0,3,0,0,6,0,3,7,9,4,0,0,6,3,0,1,3,1,0,4,6,1,3,0,8,0,3,2,0,7,0,7,1
196,0,0,0,0,0,0,0,0,0,0,0,0,0,0,0,0,0,0,0,0,0,0,0,0,0,0,0,0,0,0,0,0,0,0,0,0,0,0,0,0,0,0,0,0,0,0,0,0,0,0,0,0,0,0,1,0,0,0,0,0,1,0,0,0,0,0,0,0,0,0,0,0,0,0,0,0,0,0,0,0,0,0,0,0,0,0,0,0,0,0,0,0,0,0,0,0,0,0,0,0,0,0
201,0,0,0,0,0,0,9,4,0,2,0,0,0,0,0,0,0,0,0,0,0,0,8,1,0,0,0,0,0,0,0,0,0,0,0,0,0,0,0,0,0,0,0,0,0,0,0,0,0,0,0,0,0,0,1,0,0,0,0,0,0,0,0,0,0,0,0,0,0,0,0,0,0,0,0,0,0,0,0,0,0,0,0,0,0,0,0,0,0,0,0,0,0,0,0,0,0,0,0,0,0,0
202,1,0,0,0,0,0,0,0,0,0,0,0,0,0,0,0,0,0,0,0,0,0,0,0,0,0,0,0,0,1,0,1,0,2,0,0,0,0,2,1,0,0,4,1,0,0,2,0,2,1,4,9,19,0,0,0,0,0,2,0,3,0,0,1,0,4,3,0,1,4,0,0,0,0,0,0,0,0,0,0,4,3,1,0,3,0,1,0,0,0,0,0,1,0,0,0,0,0,2,0,0,0
203,0,0,0,0,0,0,0,0,0,0,0,0,0,0,0,0,0,0,0,0,0,0,0,0,0,0,0,0,0,0,0,0,0,0,0,0,0,0,1,0,0,0,0,0,2,0,0,0,0,0,1,0,0,0,1,0,0,0,0,0,0,0,0,0,0,0,1,0,0,1,0,1,0,0,0,0,0,0,0,0,0,0,0,0,0,0,0,0,0,0,0,0,0,0,0,0,0,0,0,0,0,0
